source_file,char,japanese_name,literal_meaning,current_keyword,proposed_keyword,status,rationale_citation
component_keyword.json,兀,,high & level; lofty; bald,towering,towering,keep,"crossref: no semantic/phonetic role recorded (isolated char, not in local radical CSVs). Web: Wiktionary/kanji dicts give 兀 = ""high & level, lofty, bald, dangerous"" (e.g. 突兀 = ""towering, precipitous""). ""towering"" is an accurate synonym of ""lofty"". | Audit (2026-09-03): reviewed for dropped descriptive nuance from the sourced Japanese/Chinese name; no flattening found, kept as-is."
component_keyword.json,壬,,ninth of the ten Heavenly Stems,9th in rank,ninth heavenly stem,change,"crossref: 壬 is phonetic-only (任,妊; on-yomi にん) — not a semantic radical, so no compound-borrowed meaning risk here, but current gloss is vague. Web: Wiktionary 壬 = ""the ninth of the ten heavenly stems"" (https://en.m.wiktionary.org/wiki/壬). ""9th in rank"" is an imprecise paraphrase; ""ninth heavenly stem"" is the sourced dictionary sense. | Audit (2026-09-03): reviewed for dropped descriptive nuance from the sourced Japanese/Chinese name; no flattening found, kept as-is."
component_keyword.json,宀,うかんむり (ukanmuri),"roof, house",roof with chimney,"roof, house",change,"raw-data/sylhare/kanji-radicals.csv row 40 (宀): Meaning=""roof, house"". ""chimney"" is not attested anywhere in sources — appears to be an invented embellishment. | Audit (2026-09-03): reviewed for dropped descriptive nuance from the sourced Japanese/Chinese name; no flattening found, kept as-is."
component_keyword.json,刂,りっとう (rittou),"knife, sword",knife,standing knife / knife (right),change,"raw-data/sylhare/ka_data.csv (rad ⺉ rittou): rad_meaning=""knife, sword"". Matches current keyword exactly. | Audit fix: りっとう literally = 立刀 (立=standing, 刀=knife); bare 'knife' dropped the 'standing' descriptor. Restored as 'standing knife', with plain 'knife (right)' kept as an alternative reading."
component_keyword.json,氺,したみず (shitamizu),"under water / lower water (下水: 下=under, 水=water)",water splash,under water,change,"raw-data/sylhare/ka_data.csv row (氺, rad_order 152): rad_name_ja=したみず (shitamizu), rad_meaning=""water"". したみず's own kanji spelling is 下水 (下=under/below, 水=water) = ""under water"". ""splash"" is unsourced. User-supplied correction 2026-09-03: use the direct literal translation ""under water"" rather than a position-bracket paraphrase. | Audit (2026-09-03): reviewed for dropped descriptive nuance from the sourced Japanese/Chinese name; no flattening found, kept as-is."
component_keyword.json,彑,,snout; pig's head,crooked pig snout,snout,change,"crossref: 彑 functions as a genuine semantic radical (彗,彙). Unicode official character block name for this radical is ""KANGXI RADICAL SNOUT"" (U+2F39); Wikipedia ""Radical 58"" and Wiktionary give ""snout""/""pig's head"" as the standard English name. ""crooked"" is an invented descriptor not found in any source. | Audit (2026-09-03): reviewed for dropped descriptive nuance from the sourced Japanese/Chinese name; no flattening found, kept as-is."
component_keyword.json,卜,ぼく (boku),"oracle, divination",augury,augury,keep,"raw-data/sylhare/kanji-radicals.csv row 25 (卜): Meaning=""oracle, divination"". ""augury"" is an accurate English synonym for divination/oracle-taking. | Audit (2026-09-03): reviewed for dropped descriptive nuance from the sourced Japanese/Chinese name; no flattening found, kept as-is."
component_keyword.json,辶,しんにょう (shinnyou),"road, walk, to advance",walking on a road,walking on a road,keep,"raw-data/sylhare/ka_data.csv (rad ⻌ shinnyou): rad_meaning=""road, walk, to advance"". Current keyword is an accurate paraphrase. | Audit (2026-09-03): reviewed for dropped descriptive nuance from the sourced Japanese/Chinese name; no flattening found, kept as-is."
component_keyword.json,隶,れいづくり (reizukuri),"to capture, servant",servant,to capture / servant,change,"raw-data/sylhare/kanji-radicals.csv row 171 (隶): Meaning=""to capture, servant"". ""servant"" is a correct (partial) rendering of the sourced meaning. crossref: semantic radical for 隷 only, consistent. | Audit fix: literal_meaning is 'to capture, servant'; the row's own rationale admits 'servant' is only a 'correct (partial) rendering'. Added 'to capture' back as an alternative so both sourced senses are represented."
component_keyword.json,豸,むじなへん (mujinahen),"badger, beast",badger,badger,keep,"raw-data/sylhare/kanji-radicals.csv row 153 (豸): Meaning=""badger, beast"". Matches current keyword. | Audit (2026-09-03): reviewed for dropped descriptive nuance from the sourced Japanese/Chinese name; no flattening found, kept as-is."
component_keyword.json,乍,,while,while,while,keep,"crossref: 乍 is phonetic-only (作,搾,昨,酢; on-yomi さく) — so any compound-derived gloss would be suspect, BUT ""while"" is not derived from a compound; it is 乍's own Japanese kun-yomi usage (乍ら nagara = ""while ~ing""), attested in standard kanji dictionaries (e.g. jisho.org 乍 = ""while""). This is the character's own standalone reading/meaning in Japanese, not a borrowed guess. | Audit (2026-09-03): reviewed for dropped descriptive nuance from the sourced Japanese/Chinese name; no flattening found, kept as-is."
component_keyword.json,廴,えんにょう (ennyou)/rennyou,"to move, stretch; ""long stride""",long stride,long stride,keep,"raw-data/sylhare/kanji-radicals.csv row 54 (廴): Meaning=""to move, stretch"". However ""long stride"" is the standard, widely documented English name for Kangxi radical 54 (e.g. Wikipedia ""Radical 54"", Joy o' Kanji), a well-sourced alternate name rather than an invented guess. Kept as accurate. | Audit (2026-09-03): reviewed for dropped descriptive nuance from the sourced Japanese/Chinese name; no flattening found, kept as-is."
component_keyword.json,毋,なかれ (nakare),"not, mother",do not,do not,keep,"raw-data/sylhare/kanji-radicals.csv row 80 (毋): Meaning=""not, mother""; reading なかれ (nakare) itself means ""must not/do not"" in classical Japanese. ""do not"" matches this sense. | Audit (2026-09-03): reviewed for dropped descriptive nuance from the sourced Japanese/Chinese name; no flattening found, kept as-is."
component_keyword.json,衤,ころもへん (koromohen),clothing,clothes on mannequin,clothing,change,"raw-data/sylhare/ka_data.csv (rad ⻂ koromohen): rad_meaning=""clothing"". ""on mannequin"" is an invented, unsourced embellishment (no dictionary describes 衤 this way). | Audit (2026-09-03): reviewed for dropped descriptive nuance from the sourced Japanese/Chinese name; no flattening found, kept as-is."
component_keyword.json,隹,ふるとり (furutori),small bird,small bird,small bird,keep,"raw-data/sylhare/kanji-radicals.csv row 172 (隹): Meaning=""small bird"". Exact match. | Audit (2026-09-03): reviewed for dropped descriptive nuance from the sourced Japanese/Chinese name; no flattening found, kept as-is."
component_keyword.json,耒,らいすき (raisuki),plow,handle of plow,plow,change,"raw-data/sylhare/kanji-radicals.csv row 127 (耒): Meaning=""plow"" (radical name ""raisuki"" = plow). ""handle of"" is an added interpretive detail not present in the sourced meaning; simplify to the plain dictionary sense. | Audit (2026-09-03): reviewed for dropped descriptive nuance from the sourced Japanese/Chinese name; no flattening found, kept as-is."
component_keyword.json,彳,ぎょうにんべん (gyouninben),"step, stride, street, to go",step with left foot,step with left foot,keep,"raw-data/sylhare/kanji-radicals.csv row 60 (彳): Meaning=""step, stride, street, to go"". ""step with left foot"" is a well-documented, accurate etymological description (Shuowen tradition: 彳 depicts a person's left leg/step, split from 行 alongside 亍 the right-foot step) — not a guess. | Audit (2026-09-03): reviewed for dropped descriptive nuance from the sourced Japanese/Chinese name; no flattening found, kept as-is."
component_keyword.json,亅,はねぼう (hanebou),"hook, hook stick",hook,hook / hook stick,change,"raw-data/sylhare/kanji-radicals.csv row 6 (亅): Meaning=""hook, hook stick"". Matches. | Audit fix: literal_meaning is 'hook, hook stick' (はねぼう = barb/hook + stick/rod); proposed 'hook' dropped the 'stick' shape descriptor also present in the source. Added 'hook stick' as an alternative to preserve that nuance."
component_keyword.json,丶,てん (ten),dot,dot,dot,keep,"raw-data/sylhare/kanji-radicals.csv row 3 (丶): Meaning=""dot"". Exact match. | Audit (2026-09-03): reviewed for dropped descriptive nuance from the sourced Japanese/Chinese name; no flattening found, kept as-is."
component_keyword.json,丿,の (no),"slash / bend, stroke",slash,slash,keep,"Unicode's official name for this radical block character is literally ""KANGXI RADICAL SLASH"" (U+2F03), matching current keyword directly; raw-data/sylhare/kanji-radicals.csv row 4 gives an alternate gloss ""bend, stroke"" but ""slash"" is the standard sourced name. | Audit (2026-09-03): reviewed for dropped descriptive nuance from the sourced Japanese/Chinese name; no flattening found, kept as-is."
component_keyword.json,亠,なべぶた (nabebuta),"lid, top (""pot lid"")",kettle lid,kettle lid,keep,"raw-data/sylhare/kanji-radicals.csv row 8 (亠): Meaning=""lid, top""; Japanese radical name なべぶた (nabebuta) literally means ""pot lid"". ""kettle lid"" is a close, accurate paraphrase. | Audit (2026-09-03): reviewed for dropped descriptive nuance from the sourced Japanese/Chinese name; no flattening found, kept as-is."
component_keyword.json,夬,,"resolute; to break off/decide (I Ching hexagram 43 ""Break-through, Resoluteness"")",certain,resolute,change,"crossref: 夬 is phonetic-only (決; no recorded on-yomi) — not a semantic radical, so a compound-derived gloss is suspect. Web: Wiktionary describes 夬 as pictographic of ""a hand wearing an archer's thumb ring""; standard dictionaries and the I Ching hexagram name give 夬 (guài) = ""resolute, to break off/decide"". ""certain"" does not match any sourced meaning; ""resolute"" is the character's own attested sense. | Audit (2026-09-03): reviewed for dropped descriptive nuance from the sourced Japanese/Chinese name; no flattening found, kept as-is."
component_keyword.json,洛,,"Luo River; Luoyang; (in Japanese) Kyoto, the capital",old Kyoto,Kyoto,change,"crossref: isolated, no semantic/phonetic role recorded locally. Web: JLPTsensei and multiple JP dictionaries give 洛 (raku) = ""Kyoto, the capital"" (from the historical comparison of Kyoto to the Chinese capital Luoyang/洛陽); attested in 上洛, 洛中, 洛外 etc. ""old"" is not part of any sourced gloss — drop it for accuracy. | Audit (2026-09-03): reviewed for dropped descriptive nuance from the sourced Japanese/Chinese name; no flattening found, kept as-is."
component_keyword.json,屮,くさのめ (kusanome),sprout,sprout,sprout,keep,"raw-data/sylhare/kanji-radicals.csv row 45 (屮): Meaning=""sprout"". Exact match. | Audit (2026-09-03): reviewed for dropped descriptive nuance from the sourced Japanese/Chinese name; no flattening found, kept as-is."
component_keyword.json,凵,かんにょう (kannyou),"container, open box",open box,open box,keep,"raw-data/sylhare/kanji-radicals.csv row 17 (凵): Meaning=""container, open box"". Matches. | Audit (2026-09-03): reviewed for dropped descriptive nuance from the sourced Japanese/Chinese name; no flattening found, kept as-is."
component_keyword.json,忄,りっしんべん (risshinben),"heart, mind, spirit",thin heart,standing heart / heart (left),change,"raw-data/sylhare/ka_data.csv (rad ⺖ risshinben): rad_meaning=""heart, mind, spirit"". ""thin"" is an invented, unsourced descriptor (possibly confusing the narrow vertical stroke shape with an actual meaning). | Audit fix: りっしんべん literally = 立心 (立=standing, 心=heart); 'thin' was already flagged as invented, but the replacement 'heart' still dropped the sourced 'standing' descriptor. Restored as 'standing heart', with plain 'heart (left)' kept as an alternative."
component_keyword.json,冫,にすい (nisui),ice,ice,two water drops (ice),change,"raw-data/sylhare/kanji-radicals.csv row 15 (冫): Meaning=""ice"". Exact match. | Audit fix: this file's own citation says にすい=ice, but the same radical is documented elsewhere in this CSV (AI_radicals.json row) as literally 'two water(-drops); category: ice', already corrected there to 'two water drops (ice)' per user decision. Restoring the same literal-name-plus-category rendering here for consistency; bare 'ice' dropped the 'two water drops' descriptive layer."
component_keyword.json,吊,,"to hang, suspend; to condole/mourn",dangle,dangle,keep,"crossref: isolated, no semantic/phonetic role recorded locally. Web: Wiktionary/Chinese dictionaries give 吊 (diào) = ""to hang, suspend"" (also ""to condole/mourn""). ""dangle"" is an accurate colloquial synonym for ""hang, suspend"". | Audit (2026-09-03): reviewed for dropped descriptive nuance from the sourced Japanese/Chinese name; no flattening found, kept as-is."
component_keyword.json,禾,のぎへん (nogihen),grain,grain on stalk,grain on stalk,keep,"raw-data/sylhare/kanji-radicals.csv row 115 (禾): Meaning=""grain""; ""on stalk"" reflects the well-documented pictographic origin (a drooping grain-stalk), consistent with standard etymological descriptions, not an invented guess. | Audit (2026-09-03): reviewed for dropped descriptive nuance from the sourced Japanese/Chinese name; no flattening found, kept as-is."
component_keyword.json,丨,たてぼう (tatebou),"line, stick",vertical line,vertical line,keep,"raw-data/sylhare/kanji-radicals.csv row 2 (丨): Meaning=""line, stick"". Matches (""vertical line"" is the standard rendering). | Audit (2026-09-03): reviewed for dropped descriptive nuance from the sourced Japanese/Chinese name; no flattening found, kept as-is."
component_keyword.json,卩,ふしづくり (fushizukuri),"stamp, seal",crooked seal,seal,change,"raw-data/sylhare/kanji-radicals.csv row 26 (卩): Meaning=""stamp, seal"". ""crooked"" is an invented, unsourced descriptor. | Audit (2026-09-03): reviewed for dropped descriptive nuance from the sourced Japanese/Chinese name; no flattening found, kept as-is."
component_keyword.json,耂,おいかんむり (oikanmuri),"old, old-age",old grave,old age,change,"raw-data/sylhare/ka_data.csv (rad ⺹ oikanmuri): rad_meaning=""old, old-age"". ""grave"" is wrong — not attested anywhere; this radical (derived from 老 ""old"") has nothing to do with graves. | Audit (2026-09-03): reviewed for dropped descriptive nuance from the sourced Japanese/Chinese name; no flattening found, kept as-is."
component_keyword.json,罒,あみがしら (amigashira),net,small net,net,change,"raw-data/sylhare/ka_data.csv (rad ⺫ amigashira): rad_meaning=""net"". ""small"" is an invented, unsourced qualifier. | Audit (2026-09-03): reviewed for dropped descriptive nuance from the sourced Japanese/Chinese name; no flattening found, kept as-is."
component_keyword.json,灬,れんが/れっか (renga/rekka),"series of fire (連火: 連=series/row, 火=fire) or fierce fire (烈火)",fire sparks,fire series,change,"raw-data/sylhare/kanji-radicals.csv row 257: glyph ⺣ (U+2EA3, CJK RADICAL FIRE — visually identical twin of 灬 U+706C per this project's codepoint-matching convention), Japanese name れっか/rekka, Meaning=""fire"", Position-J/R=あし/ashi (bottom). This bottom-fire radical is also commonly named れんが/renga (連火, literally ""series/row of fire"" — describing the four-dot flame shape). ""sparks"" is unsourced. User-supplied correction 2026-09-03: use the 連火/renga literal translation ""fire series"" rather than a position-bracket paraphrase. | Audit (2026-09-03): reviewed for dropped descriptive nuance from the sourced Japanese/Chinese name; no flattening found, kept as-is."
component_keyword.json,韋,なめしがわ (nameshigawa),tanned leather,tanned leather,tanned leather,keep,"raw-data/sylhare/kanji-radicals.csv row 178 (韋): Meaning=""tanned leather"" — exact match. Note: crossref shows 韋 is a genuine semantic radical (韓) while its phonetic uses (偉,緯,違) are separate; this keyword correctly reflects 韋's own Kangxi-radical meaning rather than being borrowed from a phonetic compound, so despite superficial resemblance to the 攸/悠 error class, this one is verified correct. | Audit (2026-09-03): reviewed for dropped descriptive nuance from the sourced Japanese/Chinese name; no flattening found, kept as-is."
component_keyword.json,幺,いとがしら (itogashira),"short thread / young, slight",short thread,short thread,keep,"raw-data/sylhare/kanji-radicals.csv row 52 (幺): Meaning=""young, slight""; however ""short thread"" is the standard pictographic/etymological description of Kangxi radical 52 widely used in reference works (Wiktionary, Wikipedia ""Radical 52""), depicting a small skein of silk — a sourced, accurate alternate description, not a guess. | Audit (2026-09-03): reviewed for dropped descriptive nuance from the sourced Japanese/Chinese name; no flattening found, kept as-is."
component_keyword.json,亻,にんべん (ninben),person,thin person,person,change,"raw-data/sylhare/ka_data.csv (rad ⺅ ninben): rad_meaning=""person"". ""thin"" is an invented, unsourced descriptor. | Audit (2026-09-03): reviewed for dropped descriptive nuance from the sourced Japanese/Chinese name; no flattening found, kept as-is."
component_keyword.json,儿,ひとあし (hitoashi),human legs,legs,human legs,change,"raw-data/sylhare/kanji-radicals.csv row 10 (儿): Meaning=""human legs"". ""legs"" is an accurate short form. | Audit fix: literal_meaning is 'human legs' (ひとあし = ひと 'person/human' + あし 'legs'); proposed 'legs' dropped the 'human' qualifier. Restored to match the literal meaning exactly."
component_keyword.json,匕,さじ (saji),spoon,spoon,spoon,keep,"raw-data/sylhare/kanji-radicals.csv row 21 (匕): Meaning=""spoon"". Exact match. | Audit (2026-09-03): reviewed for dropped descriptive nuance from the sourced Japanese/Chinese name; no flattening found, kept as-is."
component_keyword.json,昏,,"dusk, twilight (日 sun + 氐 low = sun low)",dusk,dusk,keep,"crossref: 昏 is phonetic-only for 婚 (marriage), with no on-yomi recorded — so a gloss borrowed from 婚's meaning would be suspect, BUT ""dusk"" is 昏's own well-attested standalone dictionary meaning (日 ""sun"" + abbreviated 氐 ""low"" = sun low on the horizon = dusk), not derived from 婚. Confirmed correct, unlike the 攸/悠 error pattern. | Audit (2026-09-03): reviewed for dropped descriptive nuance from the sourced Japanese/Chinese name; no flattening found, kept as-is."
component_keyword.json,兔,,"hare, rabbit",hare,hare,keep,"crossref: isolated, no semantic/phonetic role recorded locally. ""hare"" is 兔's standard, well-documented dictionary meaning (variant of 兎). | Audit (2026-09-03): reviewed for dropped descriptive nuance from the sourced Japanese/Chinese name; no flattening found, kept as-is."
component_keyword.json,礻,しめすへん (shimesuhen),"altar, festival, religious service",cult,"altar, religious service",change,"raw-data/sylhare/ka_data.csv (rad ⺭ shimesuhen): rad_meaning=""altar, festival, religious service"". ""cult"" is a misleading/wrong gloss not attested anywhere — likely a guess loosely associating this radical's religious-ritual sense with the modern pejorative sense of ""cult"". | Audit fix: literal_meaning/source is 'altar, festival, religious service'; proposed 'altar, spirit' both drops the sourced 'festival, religious service' sense and introduces an unsourced word ('spirit') not attested anywhere. Corrected to track the sourced meaning directly."
component_keyword.json,戈,ほこ (hoko),"spear, weapon",spear,spear,keep,"raw-data/sylhare/kanji-radicals.csv row 62 (戈): Meaning=""spear, weapon"". Matches. | Audit (2026-09-03): reviewed for dropped descriptive nuance from the sourced Japanese/Chinese name; no flattening found, kept as-is."
component_keyword.json,歹,がつ (gatsu),"death & dying, to decompose",bare bone,"death, decay",change,"raw-data/sylhare/kanji-radicals.csv row 78 (歹): Meaning=""death & dying, to decompose"" — this Kangxi radical is universally documented (KanjiVG, Wikipedia ""Radical 78"") as the ""death"" radical. ""bare bone"" is an invented pictographic guess that doesn't match any sourced dictionary meaning. | Audit (2026-09-03): reviewed for dropped descriptive nuance from the sourced Japanese/Chinese name; no flattening found, kept as-is."
component_keyword.json,巷,,"alley, lane, street",alley,alley,keep,"crossref: isolated, no semantic/phonetic role recorded locally. ""alley"" is 巷's standard, well-documented dictionary meaning. | Audit (2026-09-03): reviewed for dropped descriptive nuance from the sourced Japanese/Chinese name; no flattening found, kept as-is."
component_keyword.json,飠,しょくへん (shokuhen),"food, to eat",eat less,food (left),change,"raw-data/sylhare/kanji-radicals.csv row 317: glyph ⻟ (U+2EDF, CJK RADICAL EAT THREE), Japanese name しょくへん/shokuhen, Meaning=""food, to eat"", Position-J/R=へん/hen (left). Row 185 (食, radical 184) also lists 飠 as an Alternate form. ""eat less"" is unsourced. Proposed ""food (left)"" matches the documented hen (left) position and is consistent with 𩙿, the other food-left variant already labeled ""food (left)"" in radical_form_keywords.json. User-supplied correction 2026-09-03. | Audit (2026-09-03): reviewed for dropped descriptive nuance from the sourced Japanese/Chinese name; no flattening found, kept as-is."
component_keyword.json,扌,てへん (tehen),hand,small hand,hand,change,"raw-data/sylhare/ka_data.csv (rad ⺘ tehen): rad_meaning=""hand"". ""small"" is an invented, unsourced qualifier. | Audit (2026-09-03): reviewed for dropped descriptive nuance from the sourced Japanese/Chinese name; no flattening found, kept as-is."
component_keyword.json,廿,,twenty,twenty,twenty,keep,"crossref: isolated, no semantic/phonetic role recorded locally. ""twenty"" is 廿's standard, universally attested numeral meaning. | Audit (2026-09-03): reviewed for dropped descriptive nuance from the sourced Japanese/Chinese name; no flattening found, kept as-is."
component_keyword.json,豕,いのこ (inoko),pig,pig,pig,keep,"raw-data/sylhare/kanji-radicals.csv row 152 (豕): Meaning=""pig"". Exact match. | Audit (2026-09-03): reviewed for dropped descriptive nuance from the sourced Japanese/Chinese name; no flattening found, kept as-is."
component_keyword.json,弋,いぐるみ (igurumi),corded arrow; to shoot such an arrow with a bow; stake,shoot with bow,shoot with bow,keep,"raw-data/sylhare/kanji-radicals.csv row 56 (弋): Meaning=""javelin""; however Wiktionary's fuller definition of 弋 gives ""a hunting tool: an arrow with an attached string; (archaic) to shoot such arrows with a bow; to catch"" — directly supporting the current keyword ""shoot with bow"" over the CSV's shorter ""javelin"" gloss. | Audit (2026-09-03): reviewed for dropped descriptive nuance from the sourced Japanese/Chinese name; no flattening found, kept as-is."
component_keyword.json,匸,かくしがまえ (kakushigamae),"to conceal, hide (enclosure)",hiding enclosure,hiding enclosure,keep,"raw-data/sylhare/kanji-radicals.csv row 23 (匸): Meaning=""to conceal, hide""; Position=かくしがまえ (kakushigamae, ""hiding enclosure""). Current keyword combines both correctly. | Audit (2026-09-03): reviewed for dropped descriptive nuance from the sourced Japanese/Chinese name; no flattening found, kept as-is."
component_keyword.json,于,N/A (not a Kangxi radical),"""to go to""/""at""; obsolete preposition, later replaced by 於; possibly pictogram of wind instrument/exhaled air",out of,at / go to,change,"Wiktionary 于: preposition 'at'/'to go to', obsolete particle; no sense matching 'out of'. Crossref: phonetic-only (component of 宇), never semantic → no compound-based meaning applies. | Audit (2026-09-03): reviewed for dropped descriptive nuance from the sourced Japanese/Chinese name; no flattening found, kept as-is."
component_keyword.json,尹,N/A (not a Kangxi radical),"""to govern; oversee"", ""director"" (ideogrammic compound of 丿 'stick' + 又 'hand' = hand holding a rod, control)",official rank,director / to govern,change,"Wiktionary 尹: 'to govern; oversee' / 'director'. 'official rank' distorts the sense from the office/role of governing to a grade/rank, which isn't attested. | Audit (2026-09-03): reviewed for dropped descriptive nuance from the sourced Japanese/Chinese name; no flattening found, kept as-is."
component_keyword.json,釆,のごめ (nogome),"'divide, to separate' (semantic radical, e.g. in 釈)",distinguish,(no change),keep,"raw-data/sylhare/kanji-radicals.csv row 166: Meaning='divide, to separate'. Crossref: as_semantic_radical_for 釈. 'distinguish' is an accurate near-synonym of 'to separate/tell apart'. | Audit (2026-09-03): reviewed for dropped descriptive nuance from the sourced Japanese/Chinese name; no flattening found, kept as-is."
component_keyword.json,疒,やまいだれ (yamaidare),"'sickness' (semantic radical, e.g. 疫痕疾症痩痴痛痘)",sickness,(no change),keep,"raw-data/sylhare/kanji-radicals.csv row 105: Meaning='sickness'. Exact match; crossref confirms as_semantic_radical_for count=15. | Audit (2026-09-03): reviewed for dropped descriptive nuance from the sourced Japanese/Chinese name; no flattening found, kept as-is."
component_keyword.json,虍,とらがしら (toragashira),"'tiger' (semantic radical, e.g. 虎虞虜彪)",tiger stripes,tiger,change,"raw-data/sylhare/kanji-radicals.csv row 142: Meaning='tiger'. Source meaning is simply 'tiger'; 'stripes' is an unsourced embellishment describing the graphic form rather than the dictionary/radical meaning. | Audit (2026-09-03): reviewed for dropped descriptive nuance from the sourced Japanese/Chinese name; no flattening found, kept as-is."
component_keyword.json,冖,わかんむり (wakanmuri),"'cover, crown' (semantic radical, e.g. 冒写冗冒)",cower,cover crown,change,"raw-data/sylhare/kanji-radicals.csv row 15: Meaning='cover, crown'. 'cower' is a different English word entirely (to crouch in fear) — looks like a corruption/typo of 'cover'. Crossref: as_semantic_radical_for 冠,写,凗,入む etc., all 'cover' senses, none related to fear. | Audit fix: the cited source Meaning is literally 'cover, crown' (kanji-radicals.csv row 15), but proposed 'cover' dropped the 'crown' component. Restored using the same 'X crown' convention used elsewhere in this dataset (e.g. 耂 'old crown', ⺮ 'bamboo crown')."
component_keyword.json,艮,こん (kon),'boundary' (Kangxi radical meaning); also one of the Eight Trigrams (mountain); in Japanese also denotes the direction 'northeast' (うしとら),northeast,(no change),keep,"Wiktionary 艮 confirms Japanese sense 'northeast' (radical 138, trigram-derived compass direction is a standard traditional Japanese usage), distinct from the Chinese 'boundary/trigram' senses. Genuine, sourced meaning, not an invented guess. | Audit (2026-09-03): reviewed for dropped descriptive nuance from the sourced Japanese/Chinese name; no flattening found, kept as-is."
component_keyword.json,旡,"むにょう (munyou, rad. 71/72 无/旡)","'not' (variant/related form of 无, radical meaning 'not'; variant form of 既)",choke,not,change,"raw-data/sylhare/kanji-radicals.csv row 72: radical 72(71) '无 旡' Meaning='not'. Crossref: as_variant_form_for 既 (choking-adjacent shape origin of 既 is unrelated to a 'choke' meaning for 旡 itself); 'choke' has no dictionary support. | Audit (2026-09-03): reviewed for dropped descriptive nuance from the sourced Japanese/Chinese name; no flattening found, kept as-is."
component_keyword.json,廾,にじゅうあし (nijuuashi),"'folded hands' (semantic radical, e.g. 弊弁弄)",two hands,folded hands,change,"raw-data/sylhare/kanji-radicals.csv row 56: Meaning='folded hands'. 'two hands' is an imprecise paraphrase; the sourced radical meaning specifies 'folded'. | Audit (2026-09-03): reviewed for dropped descriptive nuance from the sourced Japanese/Chinese name; no flattening found, kept as-is."
component_keyword.json,乂,N/A (not a Kangxi radical),"pictogram of a sickle/mowing tool; 'to mow/weed' (original), extended to 'to govern, regulate, orderly'",regulate,(no change),keep,"Wiktionary 乂: extended sense 'to govern, control, manage, regulate' is directly attested. 'regulate' is accurate. | Audit (2026-09-03): reviewed for dropped descriptive nuance from the sourced Japanese/Chinese name; no flattening found, kept as-is."
component_keyword.json,頁,おおがい (oogai),"'head, page' (semantic radical; historically 'head', extended to 'page/leaf'; e.g. 額頸顓顔願顕顧項 are all head/face-related)",page,head,change,"raw-data/sylhare/kanji-radicals.csv row 182: Meaning='head, page'. Crossref: as_semantic_radical_for 額,顔,顔,願,顓... (25 kanji), essentially all head/face related — the semantic-radical role is about 'head', with 'page' being a later borrowed/extended sense. 'head' better represents why it functions as this radical. | Audit (2026-09-03): reviewed for dropped descriptive nuance from the sourced Japanese/Chinese name; no flattening found, kept as-is."
component_keyword.json,彐,けいがしら (keigashira),"""pig's head"" (semantic-adjacent variant radical; also as_variant_form_for 彗)",pig snout,pig's head,change,"raw-data/sylhare/kanji-radicals.csv row 59: Meaning=""pig’s head"". Minor precision fix: source says 'head', not 'snout'. | Audit (2026-09-03): reviewed for dropped descriptive nuance from the sourced Japanese/Chinese name; no flattening found, kept as-is."
component_keyword.json,攵,ぼくづくり (bokuzukuri),"'activity, to strike, hit' (variant form of 攴, e.g. 改敢救教敬故攻散)",rap,(no change),keep,"raw-data/sylhare/kanji-radicals.csv row 67: Meaning='activity, to strike, hit'. 'rap' (to hit/knock) is a reasonable colloquial synonym. | Audit (2026-09-03): reviewed for dropped descriptive nuance from the sourced Japanese/Chinese name; no flattening found, kept as-is."
component_keyword.json,几,きにょう (kinyou),"'table' (semantic radical, e.g. 凯处冪凡; also phonetic in 机軌飢, on'yomi き)",table,(no change),keep,"raw-data/sylhare/kanji-radicals.csv row 17: Meaning='table'. Exact match. | Audit (2026-09-03): reviewed for dropped descriptive nuance from the sourced Japanese/Chinese name; no flattening found, kept as-is."
component_keyword.json,莫,N/A (not a Kangxi radical),"pictograph of sun setting in grass/reeds → 'dusk' (later written 暮); classical meaning 'do not, there is none' (negative particle)",shalt,do not / none,change,"Wiktionary 莫: primary classical senses 'do not' / 'there is none' (negative particle), origin pictograph for dusk. Crossref: phonetic-only component (漠募墓慕暮幕膨模, on'yomi も/ぼ/まく/ばく), never semantic — so a compound-derived guess is unreliable. 'shalt' is an unsupported archaic-English fragment (looks like a truncated/garbled 'thou shalt not'). | Audit (2026-09-03): reviewed for dropped descriptive nuance from the sourced Japanese/Chinese name; no flattening found, kept as-is."
component_keyword.json,聿,"N/A (not a Kangxi radical, but radical 129 per sylhare)","'writing brush' (semantic radical, e.g. 粛肃)",pencil,writing brush,change,"raw-data/sylhare/kanji-radicals.csv row 130: Meaning='writing brush'. 'pencil' is anachronistic; the sourced/attested object is a brush, not a pencil. | Audit (2026-09-03): reviewed for dropped descriptive nuance from the sourced Japanese/Chinese name; no flattening found, kept as-is."
component_keyword.json,尢,だいのまげあし (dainomageashi),"'disabled, lame leg' (semantic radical, e.g. 就)",lame,lame leg,change,"raw-data/sylhare/kanji-radicals.csv row 44: Meaning='disabled, lame leg'. Exact match. | Audit fix: literal_meaning is 'disabled, lame leg'; だいのまげあし describes the bent/crooked leg of 大. Proposed 'lame' alone dropped the body-part noun 'leg' that the radical actually depicts. Restored to 'lame leg' to match the sourced meaning."
component_keyword.json,阝,"こざとへん (kozatohen, left) / おおざと (oozato, right)","left form ('mound') = 'hill, mound'; right form ('town') = 'village, country, city'",mound (left) / town (right),(no change),keep,"raw-data/sylhare/ka_data.csv rows for radical ⻦ rad_meaning='hill, mound' (kozatohen) and ⻥ rad_meaning='village, country, city' (oozato). Matches current keyword closely. | Audit (2026-09-03): reviewed for dropped descriptive nuance from the sourced Japanese/Chinese name; no flattening found, kept as-is."
component_keyword.json,奄,N/A (not a Kangxi radical),"'to cover; to surround; to include' (Chinese, obsolete standalone); Japanese: 'cover, suffocate, obstruct'",encompassing,(no change),keep,"Wiktionary 奄: Chinese 'to cover; to surround; to include', Japanese 'cover, suffocate, obstruct'. 'encompassing' is a reasonable near-synonym of 'to surround/include'. | Audit (2026-09-03): reviewed for dropped descriptive nuance from the sourced Japanese/Chinese name; no flattening found, kept as-is."
component_keyword.json,夂,のまた (nomata),"'to follow' (semantic radical, e.g. 変)",go,to follow,change,"raw-data/sylhare/kanji-radicals.csv row 35: Meaning='to follow'. 'go' is a vaguer paraphrase; source specifies 'to follow' (following/trailing behind), a meaningfully different nuance. | Audit (2026-09-03): reviewed for dropped descriptive nuance from the sourced Japanese/Chinese name; no flattening found, kept as-is."
component_keyword.json,氵,"さんずい (sanzui, lit. 'three water')",variant form of 水 'water'; the Japanese radical name さんずい literally means 'three water [drops]',water drops,three water drops,change,"raw-data/sylhare/kanji-radicals.csv row 86 (水, alternate forms include 氵/氵): Meaning='water'; radical name さんずい literally references the three dot-strokes of water. 'water drops' accurately reflects both the meaning and graphic form. | Audit fix: the row's own rationale states さんずい literally means 'three water [drops]', but proposed_keyword 'water drops' dropped the numeral 'three' -- the exact same flattening pattern as the confirmed 氺/灬 examples. Restored 'three' per the row's own cited literal translation."
component_keyword.json,勹,つつみがまえ (tsutsumigamae),"'to wrap' (semantic radical, e.g. 勾勺匂包勿匁)",wrapping enclosure,(no change),keep,"raw-data/sylhare/kanji-radicals.csv row 21: Meaning='to wrap'; Position-J=かまえ ('enclosure'). 'wrapping enclosure' directly combines the sourced meaning + position, matching exactly. | Audit (2026-09-03): reviewed for dropped descriptive nuance from the sourced Japanese/Chinese name; no flattening found, kept as-is."
component_keyword.json,瓜,うり (uri),'melon' (semantic radical; also phonetic in 孤弧),melon,(no change),keep,"raw-data/sylhare/kanji-radicals.csv row 98: Meaning='melon'. Exact match. | Audit (2026-09-03): reviewed for dropped descriptive nuance from the sourced Japanese/Chinese name; no flattening found, kept as-is."
component_keyword.json,尸,しかばね (shikabane),"'corpse' (semantic radical, e.g. 屋居局屈尺尻尽層)",corpse with flag,corpse,change,"raw-data/sylhare/kanji-radicals.csv row 45: Meaning='corpse' (no 'flag' element mentioned). 'with flag' is an unsourced addition with no etymological or dictionary basis found. | Audit (2026-09-03): reviewed for dropped descriptive nuance from the sourced Japanese/Chinese name; no flattening found, kept as-is."
component_keyword.json,彡,さんづくり (sanzukuri),"'hair-style, light rays'; Unicode Kangxi Radicals block officially names this character 'KANGXI RADICAL BRISTLE'",bristle,(no change),keep,"raw-data/sylhare/kanji-radicals.csv row 60: Meaning='hair-style, light rays'; Unicode's own official character name for this radical (U+2E9A, Kangxi Radical 59) is 'KANGXI RADICAL BRISTLE', directly supporting the current keyword. | Audit (2026-09-03): reviewed for dropped descriptive nuance from the sourced Japanese/Chinese name; no flattening found, kept as-is."
component_keyword.json,癶,はつがしら (hatsugashira),"'outspread legs, departure' (semantic radical, e.g. 登発)",footsteps,(no change),keep,"raw-data/sylhare/kanji-radicals.csv row 106: Meaning='outspread legs, departure'. 'footsteps' is a reasonable evocative paraphrase of legs walking/departing; not contradicted by the source. | Audit (2026-09-03): reviewed for dropped descriptive nuance from the sourced Japanese/Chinese name; no flattening found, kept as-is."
component_keyword.json,冂,けいがまえ (keigamae),"'to enclose' (semantic radical, e.g. 円再冊内)",upside-down box,enclose,change,"raw-data/sylhare/kanji-radicals.csv row 14: Meaning='to enclose'. 'upside-down box' describes the visual shape only, not the sourced dictionary/radical meaning. | Audit (2026-09-03): reviewed for dropped descriptive nuance from the sourced Japanese/Chinese name; no flattening found, kept as-is."
component_keyword.json,巛,まがりがわ (magarigawa),"'river' (semantic radical, e.g. 州巡川; alternate forms 川巼)",curving river,winding river,change,"raw-data/sylhare/kanji-radicals.csv row 48: Meaning='river' (plain, no 'curving' qualifier in the source, though the Japanese name まがりがわ does mean 'winding river' — borderline). Simplify to the sourced core meaning 'river'; 'curving' is a defensible but unsourced-in-the-Meaning-column addition. | Audit fix: the row's own rationale explicitly notes まがりがわ means 'winding river', but the proposal was simplified to plain 'river', discarding that documented descriptive element rather than restoring it. Reversed the flattening and restored 'winding river'."
component_keyword.json,殳,るまた (rumata),"'lance shaft, action' (semantic radical, e.g. 殴殻毅殺段殿毀)",weapon,(no change),keep,"raw-data/sylhare/kanji-radicals.csv row 80: Meaning='lance shaft, action'. 'weapon' is a reasonable generalization (a lance/spear-related tool). | Audit (2026-09-03): reviewed for dropped descriptive nuance from the sourced Japanese/Chinese name; no flattening found, kept as-is."
component_keyword.json,匚,はこがまえ (hakogamae),"'box' (semantic radical, e.g. 区匠)",box-on-side,(no change),keep,"raw-data/sylhare/kanji-radicals.csv row 23: Meaning='box'. 'box-on-side' accurately depicts the open-sided box shape without contradicting the sourced meaning. | Audit (2026-09-03): reviewed for dropped descriptive nuance from the sourced Japanese/Chinese name; no flattening found, kept as-is."
component_keyword.json,疋,ひき (hiki),"'bolt of cloth' (semantic radical, e.g. 疑疎)",critters,bolt of cloth,change,"raw-data/sylhare/kanji-radicals.csv row 104: Meaning='bolt of cloth'. 'critters' has no dictionary or etymological basis — appears to be an unrelated invented guess. | Audit (2026-09-03): reviewed for dropped descriptive nuance from the sourced Japanese/Chinese name; no flattening found, kept as-is."
component_keyword.json,而,しこうして (shikoushite),"'and also' (semantic radical, e.g. 耐)",and then,(no change),keep,"raw-data/sylhare/kanji-radicals.csv row 127: Meaning='and also'. 'and then' is a close functional synonym as a classical Chinese conjunction. | Audit (2026-09-03): reviewed for dropped descriptive nuance from the sourced Japanese/Chinese name; no flattening found, kept as-is."
component_keyword.json,厶,む (mu),"'private' / visually resembles katakana ム (mu) — both senses given in the source (semantic radical, e.g. 去参)",katakana mu,private / katakana mu,change,"raw-data/sylhare/kanji-radicals.csv row 29: Meaning='private, Katakana Mu'. Directly matches the current keyword, which is one of the two senses explicitly listed in the source. | Audit fix: the cited source Meaning is 'private, Katakana Mu' (two senses); proposed 'katakana mu' captured only one. Added the 'private' sense as an alternative so both sourced senses are represented."
component_keyword.json,屏,N/A (not in local Kangxi radical files),'screen wall / folding screen' (píng); phono-semantic compound of 尸 (semantic) + 并 (phonetic),folding screen,(no change),keep,"Wiktionary 屏: píng sense = 'folding screen', 'screen wall across the gate of a house'. Exact match. | Audit (2026-09-03): reviewed for dropped descriptive nuance from the sourced Japanese/Chinese name; no flattening found, kept as-is."
component_keyword.json,囗,くにがまえ (kunigamae),"'border, territorial boundaries' (semantic radical, e.g. 囲因园回圏固国困)",closed box,enclosure / border,change,"raw-data/sylhare/kanji-radicals.csv row 32: Meaning='border, territorial boundaries'. 'closed box' only describes the shape and loses the sourced 'boundary/territory' sense that explains its semantic role in 国,囲,回, etc. | Audit (2026-09-03): reviewed for dropped descriptive nuance from the sourced Japanese/Chinese name; no flattening found, kept as-is."
component_keyword.json,厂,がんだれ (gandare),"'cliff' (semantic radical, e.g. 厚原)",cliff,(no change),keep,"raw-data/sylhare/kanji-radicals.csv row 28: Meaning='cliff'. Exact match. | Audit (2026-09-03): reviewed for dropped descriptive nuance from the sourced Japanese/Chinese name; no flattening found, kept as-is."
component_keyword.json,广,まだれ (madare),"'slanting roof' (semantic radical, e.g. 店序庄床庄)",dotted cliff,slanting roof,change,"raw-data/sylhare/kanji-radicals.csv row 54: Meaning='slanting roof'. 'dotted cliff' has no source support and appears to conflate this with the visually similar 厂 'cliff' radical plus an extra stroke/dot. | Audit (2026-09-03): reviewed for dropped descriptive nuance from the sourced Japanese/Chinese name; no flattening found, kept as-is."
component_keyword.json,气,きがまえ (kigamae),"'steam, air' (semantic radical, e.g. 気; also phonetic in 気汽)",blowing a steam,"steam, air",change,"raw-data/sylhare/kanji-radicals.csv row 85: Meaning='steam, air'. Current phrase is grammatically broken ('blowing a steam' is not valid English) and adds an unsourced 'blowing' action; simplify to the sourced 'steam'. | Audit fix: literal_meaning/source is 'steam, air'; proposed 'steam' dropped the 'air' sense also carried by the source. Restored both to match the two-part sourced gloss (same pattern as e.g. 宀 'roof, house')."
component_keyword.json,舛,まいあし (maiashi),"'contrary, to err' (semantic radical, e.g. 舜舞)",opposite,(no change),keep,"raw-data/sylhare/kanji-radicals.csv row 137: Meaning='contrary, to err'. 'opposite' is a direct synonym of 'contrary'. | Audit (2026-09-03): reviewed for dropped descriptive nuance from the sourced Japanese/Chinese name; no flattening found, kept as-is."
component_keyword.json,㑒,せん・みな・ことごとく・ともに (sen / mina / kotogotoku / tomoni),"Shinjitai (simplified Japanese) form of 僉, meaning 'all; together; unanimous'",consensus,(no change),keep,"Wiktionary 僉: 㑓 is the Shinjitai/simplified-in-Japanese form of 僉 ('all; together; unanimous'). 'consensus' accurately captures 'unanimous agreement'. Crossref: pure phonetic component of 倦剣検険験 (on'yomi けん), confirming this is NOT compound-derived guesswork — it happens to be independently correct. | Audit (2026-09-03): reviewed for dropped descriptive nuance from the sourced Japanese/Chinese name; no flattening found, kept as-is."
component_keyword.json,ヨ冖又,"N/A (encoding stand-in, no single codepoint)","Stand-in for 帚 'broom' (its abbreviated top-hand form as seen in 侮/寝, where a hand 又 holds/sweeps a broom 帚, with ヨ/冖 approximating the broom-head + binding strokes)",resting cat,hand holding broom,change,"Web research (kanjipedia.jp 侯 entry; jigen.net) on 侯 and 寢（寢）: both are described as 'a hand (又) holding/sweeping a broom (帚)', and 帚's own top component is conventionally written with ヨ/彐-shaped strokes over 巾. This 3-character sequence ヨ冖又 is the closest match found for a broom-plus-hand fragment; 'resting cat' has no attested source and looks like a shape-based visual guess (curled broom-head misread as a cat). | Audit fix: literal_meaning explicitly describes this as a hand (又) holding/sweeping a broom (帚); proposed 'broom' dropped the 'hand' element that is part of the sourced decomposition. Restored to 'hand holding broom' to capture the full sourced image."
component_keyword.json,𠦝,"あさのへん (asa no hen) — per radical_aliases.json, treated as equivalent to 龺","Top component of 倝 (sunrise; dawn; bright), seen atop 乾/幹/韓 (on'yomi かん/ちょう)",thin car,"sunrise (top of 倝, as in 乾/幹/韓)",change,"Wiktionary 倝 (U+501D): 'of the rising sun: bright' / 'sunrise; dawn' (obsolete). Structural data (jigen.net) shows 倝=⿰𠦝人 and 乾=⿰𠦝乞, i.e. 𠦝 is 倝's own top element. Crossref confirms 𠦝 is phonetic-only for 乾幹韓 (on'yomi ちょう/かん), consistent with the 倝 'sunrise' phonetic series. 'thin car' has no attested source. NOTE: raw-data/radical_aliases.json also links 𠦝 to 龺, which Wiktionary separately calls a 'variant of 卓 (tall/lofty)' — a second, harder-to-reconcile etymological thread; treat 'sunrise' as the better-evidenced proposal but flag residual uncertainty. | Audit (2026-09-03): reviewed for dropped descriptive nuance from the sourced Japanese/Chinese name; no flattening found, kept as-is."
component_keyword.json,矢隹,N/A (encoding stand-in for 雉's own decomposition),"= 雉 'pheasant' (雉 is literally ⿰矢隹, arrow 矢 + bird 隹, Kangxi radical 172)",yakitori,pheasant,change,"Confirmed via nante-yomu.com and multiple kanji-structure references: 雉 (きじ, pheasant) decomposes exactly as 矢(arrow)+隹(bird). 'yakitori' (grilled chicken skewer) is an unrelated food-association guess, not the character's meaning — the actual character this 2-char stand-in encodes means 'pheasant'. | Audit (2026-09-03): reviewed for dropped descriptive nuance from the sourced Japanese/Chinese name; no flattening found, kept as-is."
component_keyword.json,咅,つ/ふ (go-on) とう/ほう (kan-on),Japanese: 'to spit out'; Chinese: 'a sound used to indicate refusal' (obsolete),spit out,(no change),keep,"Wiktionary 咅: Japanese sense listed explicitly as 'to spit out'. Crossref: phonetic-only component of 倍培賠陰 (on'yomi ばい) — despite being a pure phonetic (the 'attu class of error), the standalone Japanese dictionary meaning happens to independently match the current keyword, so no change needed. | Audit (2026-09-03): reviewed for dropped descriptive nuance from the sourced Japanese/Chinese name; no flattening found, kept as-is."
component_keyword.json,啇,てき/ちゃく/せき (teki/chaku/seki),"noun: 'stem; foot; base; root'; verb: 'to stalk' (part of a phonetic series with 帝, cognate with 摘滋敌)",old dealer,root / stem,change,"Wiktionary 啇: noun sense 'stem; foot; base; root'. Crossref: purely phonetic component of 摘敵滋適 (on'yomi てき), never semantic — exactly the class of error flagged in the task brief (attu-style). 'old dealer' has no dictionary support and looks like an invented guess, possibly from misreading the character's shape (商-like upper part) as 'dealer/merchant' plus 'old'. | Audit (2026-09-03): reviewed for dropped descriptive nuance from the sourced Japanese/Chinese name; no flattening found, kept as-is."
component_keyword.json,亘,"わたる (wataru, Jinmeiyō)","As a simplified/variant form of 亙, means 'to extend all the way; to stretch; span'",span,(no change),keep,"Wiktionary 亘: Etymology 2 (simplified form of 亙) = 'to extend all the way; to stretch; dimension'; Japanese Jinmeiyō meaning 'span' with kun'yomi わたる. Exact match. | Audit (2026-09-03): reviewed for dropped descriptive nuance from the sourced Japanese/Chinese name; no flattening found, kept as-is."
component_keyword.json,亦,"また (mata, Jinmeiyō)","'also; too; likewise' (originally a pictogram for 'armpit', phonetically borrowed for 'also')",also,(no change),keep,"Wiktionary 亦: primary adverbial sense 'also; too; likewise; still'. Exact match. | Audit (2026-09-03): reviewed for dropped descriptive nuance from the sourced Japanese/Chinese name; no flattening found, kept as-is."
component_keyword.json,允,"ゆるす (yurusu, Jinmeiyō)","'to allow; to consent; to permit'; also 'fair, just' and 'proper, honest'",license,permit / consent,change,"Wiktionary 允: core sense 'to allow; to consent; to permit', Japanese kun'yomi ゆるす = 'to permit'. 'license' (a formal grant/permit document) is a narrower, more legalistic connotation than the source's general 'to allow/consent'; 'permit' or 'consent' tracks the dictionary sense more directly. | Audit (2026-09-03): reviewed for dropped descriptive nuance from the sourced Japanese/Chinese name; no flattening found, kept as-is."
component_keyword.json,勺,しゃく (shaku),"'spoon, ladle'; ideogram of wine (丶) inside a ladle (勹); also a unit of capacity (1/10 合)",a spoonful of fluid,(no change),keep,"Wiktionary 勺: glyph origin explicitly described as 'wine within a ladle/spoon', directly matching 'a spoonful of fluid' as an accurate paraphrase of both the shape and meaning. | Audit (2026-09-03): reviewed for dropped descriptive nuance from the sourced Japanese/Chinese name; no flattening found, kept as-is."
component_keyword.json,孟,N/A (not a Kangxi radical),"'eldest brother/child'; 'first month of a season'; 'great, eminent' (phono-semantic: 子 'child' semantic + 皿 phonetic, PST *maŋ 'big; old; elder')",start,(no change),keep,"Wiktionary 孟: senses 'eldest' and 'first month of a season' both carry a 'first/beginning' nuance that 'start' reasonably approximates, even though 'eldest/great' is the fuller sense. Not a fabricated shape-guess, so kept, though 'eldest' or 'firstborn' would be a slightly tighter fit. | Audit (2026-09-03): reviewed for dropped descriptive nuance from the sourced Japanese/Chinese name; no flattening found, kept as-is."
component_keyword.json,甫,N/A (not a Kangxi radical),honorific suffix for a man's name; 'to begin' (obsolete standalone); 'great/vast'; possibly cognate with 父 'father' or 方,offspring,begin,change,"Wiktionary 甫: no attested sense of 'offspring' in any of its three etymologies (honorific name-suffix / 'to begin' / 'great, vast', with proposed cognates to 父 'father' or 方). 'offspring' looks like an inversion error (confusing a 'father'-adjacent cognate with 'child/offspring'). Crossref: purely phonetic for 蒲舗捕補輔哺 (on'yomi ほ), never semantic. Proposing 'begin', the clearest single-word standalone sense on record. | Audit (2026-09-03): reviewed for dropped descriptive nuance from the sourced Japanese/Chinese name; no flattening found, kept as-is."
radical_form_keywords.json,⺍,つ / tsu,Katakana Tsu (top position),small (top),katakana tsu (top),change,"ka_data.csv row 75: exact codepoint match, rad_name=tsu, rad_meaning=Katakana Tsu, rad_position=kanmuri. Different codepoint from the actual 'small' radical (U+2E8C) AUDIT 2026-09-03: checked literal_meaning / sourced Japanese name for dropped descriptive nuance (e.g. 'standing', 'under', 'series of') -- no flattening found, kept as-is."
radical_form_keywords.json,犭,けものへん / kemonohen,beast (left/hen position),dog left,beast (left),change,"ka_data.csv: rad_name=kemonohen, rad_meaning=beast, rad_position=hen. Unicode's own name for the visually-identical U+2EA8 form is 'CJK RADICAL DOG' but the taught bushu meaning is beast, not dog specifically AUDIT 2026-09-03: checked literal_meaning / sourced Japanese name for dropped descriptive nuance (e.g. 'standing', 'under', 'series of') -- no flattening found, kept as-is."
radical_form_keywords.json,⺈,りっとう / rittou,"knife, sword (right/tsukuri position)",knife hook,standing knife (right),change,"ka_data.csv row 23: rad_name=rittou, rad_meaning=knife/sword, rad_position=tsukuri. Unicode name: CJK RADICAL KNIFE ONE AUDIT 2026-09-03: literal Japanese name りっとう is 立刀 = 立(standing)+刀(knife); prior proposal 'knife (right)' dropped the 'standing' descriptor (same flattening pattern as confirmed 刂/りっとう example in task brief). Restored to 'standing knife (right)'."
radical_form_keywords.json,⺊,ぼく / boku (related),oracle / divination,fortune rod,divination,change,"Unicode name: CJK RADICAL DIVINATION (exact codepoint). ka_data row 29 base form ぼく=oracle AUDIT 2026-09-03: checked literal_meaning / sourced Japanese name for dropped descriptive nuance (e.g. 'standing', 'under', 'series of') -- no flattening found, kept as-is."
radical_form_keywords.json,⺦,"shouhen (爿部, inferred)",half tree trunk / split wood,ice (left),split wood (simplified),change,"unicodedata.name(chr(0x2EA6)) = 'CJK RADICAL SIMPLIFIED HALF TREE TRUNK' (Python verified). Not 'ice' -- likely a mislabel confusing it with the visually similar 冫 (nisui). raw-data/sylhare/kanji-radicals.csv row 90 and raw-data/sylhare/r214.yml radical 90 give 爿 (radical 90) the meaning 'split wood' / しょうへん (shouhen), with 丬 as its only locally-listed Alternate; 丬 is already keyed in this same JSON file as 'splinter (left)'. Unicode's own name ties U+2EA6 to the 'tree trunk' (i.e. 爿/丬 'split wood') family, not to ice/water. AUDIT 2026-09-03: checked literal_meaning / sourced Japanese name for dropped descriptive nuance (e.g. 'standing', 'under', 'series of') -- no flattening found, kept as-is."
radical_form_keywords.json,⺤,tsumekanmuri (つめかんむり),claw / nail (crown position),claw crown,claw crown,keep,"raw-data/sylhare/kanji-radicals.csv row 258: explicit Japanese bushu name confirms 'claw crown'. Also listed as an Alternate of radical 87 爪 (claw/nail) in row 87 and r214.yml ('Alternate: 爫⺥⺤ ⺤'). unicodedata.name() = 'CJK RADICAL PAW ONE', consistent with the claw/paw family. Current keyword is already correct. AUDIT 2026-09-03: checked literal_meaning / sourced Japanese name for dropped descriptive nuance (e.g. 'standing', 'under', 'series of') -- no flattening found, kept as-is."
radical_form_keywords.json,爫,tsumekanmuri (つめかんむり),claw / nail (crown position),claw down,claw crown,change,"raw-data/sylhare/kanji-radicals.csv row 259: the SAME Japanese bushu name (tsumekanmuri, 'claw crown') is given for 爫 as for ⺤ (row 258), and both are listed as Alternates of radical 87 爪 in row 87 / r214.yml. No source found for 'down' as a position label. IMPORTANT re the swap question: this is NOT a case of ⺤/爫 labels being swapped -- the authoritative local table assigns the identical name 'claw crown' to both characters (they are two glyph variants of the same 'claws at top' bushu). ⺤'s current 'claw crown' is correct as-is; 爫's 'claw down' has no support and should become 'claw crown' too (note: this does create a duplicate keyword between the two entries in the file, which maintainers may want to disambiguate e.g. by codepoint/shape, but the sourced meaning is identical for both). AUDIT 2026-09-03: checked literal_meaning / sourced Japanese name for dropped descriptive nuance (e.g. 'standing', 'under', 'series of') -- no flattening found, kept as-is."
radical_form_keywords.json,龶,qingzitou (青字頭),"top of 青 (qing, 'blue/green')",growing green,green (top),change,"en.wiktionary.org/wiki/龶: character is 'referred to as 青字頭 (qingzitou)' = literally 'the head/top of the character 青' (青 = blue/green); Wiktionary lists it as a component of 毒, 責/责, 靑/青, 表, 素, 麦. Unihan kRSUnicode=32.1 (dictionary lookup index under radical 32 土 +1 stroke) is a cataloging index, not a meaning. No source found for 'growing' -- likely an AI guess conflating it with 生 (shou, 'to grow'), which is visually/historically related to 青's top stroke but not documented as this character's name. AUDIT 2026-09-03: checked literal_meaning / sourced Japanese name for dropped descriptive nuance (e.g. 'standing', 'under', 'series of') -- no flattening found, kept as-is."
radical_form_keywords.json,龷,(none found),uncertain -- see rationale,twenty cover,(no confident proposal),flag,"Unihan kRSUnicode=140.1 (dictionary index under radical 140 艸/grass +1 stroke) -- an index for lookup, not a stated meaning. en.wiktionary.org/wiki/龷 gives glyph origin as floodwater-related (unrelated to 'twenty' or 'cover'); lists derived characters 共, 昔, 巷, 黄, 散. An unsourced 'variant' relationship to 廿 ('twenty') and 疾/丘 is asserted on Wikidata but does NOT appear in the official Unicode.org Unihan data page for U+9FB7 (checked directly -- no kSemanticVariant/kSpecializedSemanticVariant/kZVariant listed), so it is not independently corroborated. Genuinely conflicting/insufficient sourcing -- keeping flagged rather than guessing between 'grass', 'twenty', or 'floodwater'. AUDIT 2026-09-03: checked literal_meaning / sourced Japanese name for dropped descriptive nuance (e.g. 'standing', 'under', 'series of') -- no flattening found, kept as-is."
radical_form_keywords.json,龰,"tomeru (とめる, radical 77 name)",stop (variant form of 止),stop variant,stop variant,keep,"Unihan kRSUnicode=77.0 (radical 77 = 止 'stop', 0 additional strokes) plus Unihan kStrange field explicitly notes a documented unusual relationship to 足 (U+8DB3). raw-data/sylhare/kanji-radicals.csv row 77: radical 止 = 'to stop' / とめる (tomeru). en.wiktionary.org/wiki/龰 confirms it is used as a component in 足, 走, 辵, 是, 從/从 -- the stop/foot/walk family. Current keyword is accurate and well sourced; no change needed. AUDIT 2026-09-03: checked literal_meaning / sourced Japanese name for dropped descriptive nuance (e.g. 'standing', 'under', 'series of') -- no flattening found, kept as-is."
radical_form_keywords.json,龴,(none -- no standalone meaning),"component only, no independent meaning",hook cap,(no confident proposal),flag,"en.wiktionary.org/wiki/龴 states explicitly this character is only used as a component in derived characters (予, 矛, 甬, 圅, 令) and is not used on its own. Unihan kRSUnicode=5.1 places it under radical 5 for dictionary lookup, but raw-data/sylhare/kanji-radicals.csv row 5 gives radical 5's actual meaning as 'the second' / おつ (otsu) -- NOT 'hook'. No source (official radical meaning, Unicode name, or dictionary gloss) supports 'hook' or 'cap' for this glyph; those appear to be an unsupported AI guess based on its visual shape. Keeping flagged rather than inventing a replacement. AUDIT 2026-09-03: checked literal_meaning / sourced Japanese name for dropped descriptive nuance (e.g. 'standing', 'under', 'series of') -- no flattening found, kept as-is."
radical_form_keywords.json,龸,(none -- component shape),small (⺌) + cover (冖),school crown,small cover,change,"en.wiktionary.org/wiki/龸 gives the IDS decomposition as small ⺌ stacked over cover 冖, and lists Kangxi radical index 42 (小 'small') +2 strokes; raw-data/sylhare/kanji-radicals.csv row 42 gives radical 42's meaning as 'small' / しょう (shou). Derived characters given: 坣, 尝(嘗), 営(營) -- the 尚-family. No source found for 'school'; this looks like confusion with 學/学 ('school'), whose actual top component (𦥯) is unrelated to 龸's radical-42/radical-cover composition. AUDIT 2026-09-03: checked literal_meaning / sourced Japanese name for dropped descriptive nuance (e.g. 'standing', 'under', 'series of') -- no flattening found, kept as-is."
radical_form_keywords.json,𠘨,"kaze (かぜ, radical 182 name)",wind (alternate/enclosing form),wind wrap,wind wrap,keep,"raw-data/sylhare/kanji-radicals.csv row 182 explicitly lists 𠘨 as one of the Alternate forms of radical 182 風 ('wind'). This is a direct Tier-1 local-table match that the earlier review pass apparently missed. 'Wind' is therefore confirmed. 'Wrap' is a reasonable, non-contradicted positional description (this is an enclosing/kamae-style radical form used e.g. in 颯), though no source names the position 'wrap' specifically -- keeping as-is since the core meaning word is sourced and correct and nothing contradicts the position label. AUDIT 2026-09-03: checked literal_meaning / sourced Japanese name for dropped descriptive nuance (e.g. 'standing', 'under', 'series of') -- no flattening found, kept as-is."
radical_form_keywords.json,䒑,kusakanmuri (くさかんむり),grass (crown position),grass horns,grass crown,change,"raw-data/sylhare/kanji-radicals.csv row 140 explicitly lists 䒑 as an Alternate form of radical 140 艹/艸 ('grass'), Japanese name kusakanmuri = literally 'grass crown'. raw-data/sylhare/r214.yml radical 140 'Alternate: 䒑艸' confirms. No source found for 'horns'. Proposed 'grass crown' matches both the documented Japanese bushu name and this file's existing convention (e.g. 艸 = 'grass (full)', ⺮ = 'bamboo crown'). AUDIT 2026-09-03: checked literal_meaning / sourced Japanese name for dropped descriptive nuance (e.g. 'standing', 'under', 'series of') -- no flattening found, kept as-is."
radical_form_keywords.json,网,unmatched (full/standalone form),net (general category),net (full),net (full),keep,"kusakanmuri-style crown variant (罒/⺫ amigashira) exists in ka_data but 网 itself (the full standalone form) isn't separately listed. 'net (full)' meaning is uncontroversial and matches the character's plain dictionary meaning, low risk to keep AUDIT 2026-09-03: checked literal_meaning / sourced Japanese name for dropped descriptive nuance (e.g. 'standing', 'under', 'series of') -- no flattening found, kept as-is."
radical_form_keywords.json,辵,しんにょう / shinnyou (full form),"road, walk, to advance",road (full),road (full),keep,"full/standalone form of the しんにょう family, same meaning as ⻌/辶 above AUDIT 2026-09-03: checked literal_meaning / sourced Japanese name for dropped descriptive nuance (e.g. 'standing', 'under', 'series of') -- no flattening found, kept as-is."
radical_form_keywords.json,艸,くさかんむり / kusakanmuri (full form),grass,grass (full),grass (full),keep,"ka_data row 71: rad_meaning=grass. 艸 is the full/standalone form AUDIT 2026-09-03: checked literal_meaning / sourced Japanese name for dropped descriptive nuance (e.g. 'standing', 'under', 'series of') -- no flattening found, kept as-is."
radical_form_keywords.json,釒,かねへん / kanehen,"metal, gold, mineral (left/hen)",metal left,metal (left),change,"ka_data row 206: rad_meaning=metal/gold/mineral, rad_position=hen. exact match AUDIT 2026-09-03: checked literal_meaning / sourced Japanese name for dropped descriptive nuance (e.g. 'standing', 'under', 'series of') -- no flattening found, kept as-is."
radical_form_keywords.json,⺼,にくづき / nikuzuki,"meat, flesh (nickname literally means 'meat moon')",meat moon,meat moon,keep,"ka_data row 96: rad_name=nikuzuki (literally 'meat moon'), rad_meaning=meat/flesh. Unicode name: CJK RADICAL MEAT. exact match already AUDIT 2026-09-03: checked literal_meaning / sourced Japanese name for dropped descriptive nuance (e.g. 'standing', 'under', 'series of') -- no flattening found, kept as-is."
radical_form_keywords.json,攴,ぼくづくり / bokuzukuri,"activity, to strike, hit (right/tsukuri)",knock,knock,keep,"ka_data row 86: rad_meaning=to strike/hit. 'knock' is a reasonable simple synonym, not wrong AUDIT 2026-09-03: checked literal_meaning / sourced Japanese name for dropped descriptive nuance (e.g. 'standing', 'under', 'series of') -- no flattening found, kept as-is."
radical_form_keywords.json,⺮,たけかんむり / takekanmuri,bamboo (crown/top),bamboo crown,bamboo crown,keep,"ka_data row 154 + Unicode name CJK RADICAL BAMBOO: exact match already AUDIT 2026-09-03: checked literal_meaning / sourced Japanese name for dropped descriptive nuance (e.g. 'standing', 'under', 'series of') -- no flattening found, kept as-is."
radical_form_keywords.json,⺩,おうへん / ouhen,"jewelry, jeweled king (left/hen)",jade left,jade (left),change,"ka_data row 120 + Unicode name CJK RADICAL JADE: meaning matches (jade=jewelry), position matches AUDIT 2026-09-03: checked literal_meaning / sourced Japanese name for dropped descriptive nuance (e.g. 'standing', 'under', 'series of') -- no flattening found, kept as-is."
radical_form_keywords.json,㔾,ふしづくり / fushizukuri,"stamp, seal (right/tsukuri) - crouched variant shape",crouched stamp,crouched stamp,keep,"ka_data row 30: rad_meaning=stamp/seal. 'crouched' accurately describes this variant's bent shape vs 卩. already a solid combination of real meaning + accurate shape note AUDIT 2026-09-03: checked literal_meaning / sourced Japanese name for dropped descriptive nuance (e.g. 'standing', 'under', 'series of') -- no flattening found, kept as-is."
radical_form_keywords.json,牜,うしへん / ushihen,cow (left/hen),cow left,cow (left),change,"ka_data row 117 + Unicode name CJK RADICAL COW: meaning confirmed. User 2026-09-03: reformat to 'cow (left)' for consistency with other left/right-position labels (e.g. 'beast (left)', 'knife (right)'). AUDIT 2026-09-03: checked literal_meaning / sourced Japanese name for dropped descriptive nuance (e.g. 'standing', 'under', 'series of') -- no flattening found, kept as-is."
radical_form_keywords.json,覀,にし / nishi,"cover, west",west cover,west cover,keep,"ka_data row 178: rad_meaning=cover, west. Unicode name: CJK RADICAL WEST ONE. matches (word order differs but same meaning) AUDIT 2026-09-03: checked literal_meaning / sourced Japanese name for dropped descriptive nuance (e.g. 'standing', 'under', 'series of') -- no flattening found, kept as-is."
radical_form_keywords.json,戶,と / to,door (traditional full form),door (trad),door (trad),keep,"ka_data row 82: rad_meaning=door. 戶 is the traditional form of 戸 AUDIT 2026-09-03: checked literal_meaning / sourced Japanese name for dropped descriptive nuance (e.g. 'standing', 'under', 'series of') -- no flattening found, kept as-is."
radical_form_keywords.json,丬,unclear (かたへん family),split wood (left) - simplified 爿,splinter left,split wood (left),change,"related to katahen (split wood, hen position) family. 'splinter' is a reasonable single-word rendering of 'split wood'. NOTE: review together with ⺦ above once that's resolved - may represent the same radical family AUDIT 2026-09-03: literal_meaning column already states 'split wood' (simplified form of 爿/しょうへん, confirmed by raw-data/sylhare/r214.yml radical 爿 Alternate=丬); prior proposal 'splinter (left)' flattened this to a single euphemistic word. Restored to 'split wood (left)' to match the sourced literal name; 'splinter' dropped as an unsourced synonym."
radical_form_keywords.json,⻊,あしへん / ashihen,"foot, leg (left/hen)",foot left,foot (left),change,"ka_data row 193 + Unicode name CJK RADICAL FOOT: exact match already AUDIT 2026-09-03: checked literal_meaning / sourced Japanese name for dropped descriptive nuance (e.g. 'standing', 'under', 'series of') -- no flattening found, kept as-is."
radical_form_keywords.json,黑,くろ / kuro,black (traditional full form),black (trad),black (trad),keep,"ka_data row 233: rad_meaning=black. 黑 is the traditional form of 黒 AUDIT 2026-09-03: checked literal_meaning / sourced Japanese name for dropped descriptive nuance (e.g. 'standing', 'under', 'series of') -- no flattening found, kept as-is."
radical_form_keywords.json,齒,は / ha,tooth (traditional full form),tooth (trad),tooth (trad),keep,"ka_data row 235: rad_meaning=tooth. 齒 is the traditional form of 歯 AUDIT 2026-09-03: checked literal_meaning / sourced Japanese name for dropped descriptive nuance (e.g. 'standing', 'under', 'series of') -- no flattening found, kept as-is."
radical_form_keywords.json,𧾷,あし / ashi,"foot, leg (traditional full form)",foot (full),foot (full),keep,"same family as ⻊/ashihen above but standalone/full form. matches AUDIT 2026-09-03: checked literal_meaning / sourced Japanese name for dropped descriptive nuance (e.g. 'standing', 'under', 'series of') -- no flattening found, kept as-is."
radical_form_keywords.json,⺗,unconfirmed (heart family),"heart, mind, spirit (bottom position variant, likely)",heart (bottom),heart (bottom),keep,"Unicode name: CJK RADICAL HEART TWO (distinct codepoint from HEART ONE=left/risshinben form). Medium confidence this is the bottom variant based on codepoint ordering - not fully independently confirmed AUDIT 2026-09-03: checked literal_meaning / sourced Japanese name for dropped descriptive nuance (e.g. 'standing', 'under', 'series of') -- no flattening found, kept as-is."
radical_form_keywords.json,⺧,unconfirmed,"cow (top position, variant)",cow (top),cow (top),keep,"Unicode name: CJK RADICAL COW (U+2EA7) - distinct codepoint from the hen-position cow radical (牜, U+2EA... different). meaning confirmed, position plausible but not independently cross-checked against ka_data AUDIT 2026-09-03: checked literal_meaning / sourced Japanese name for dropped descriptive nuance (e.g. 'standing', 'under', 'series of') -- no flattening found, kept as-is."
radical_form_keywords.json,糹,いとへん / itohen,thread (left/hen),thread left,thread (left),change,"related family to ka_data row 158 itohen=thread/hen. matches AUDIT 2026-09-03: checked literal_meaning / sourced Japanese name for dropped descriptive nuance (e.g. 'standing', 'under', 'series of') -- no flattening found, kept as-is."
radical_form_keywords.json,𩙿,しょくへん / shokuhen (family),"food, to eat (left/hen)",food left,food (left),change,"related to ka_data row 221 shokuhen=food/hen. matches AUDIT 2026-09-03: checked literal_meaning / sourced Japanese name for dropped descriptive nuance (e.g. 'standing', 'under', 'series of') -- no flattening found, kept as-is."
radical_form_keywords.json,⺶,ひつじ / hitsuji (family),sheep,sheep left,sheep (left),change,"ka_data row 160 + Unicode name CJK RADICAL SHEEP: meaning matches AUDIT 2026-09-03: checked literal_meaning / sourced Japanese name for dropped descriptive nuance (e.g. 'standing', 'under', 'series of') -- no flattening found, kept as-is."
radical_form_keywords.json,龜,unconfirmed,turtle (traditional full form),turtle (trad),turtle (trad),keep,"matches plain dictionary meaning of 龜, traditional form of 亀. low risk AUDIT 2026-09-03: checked literal_meaning / sourced Japanese name for dropped descriptive nuance (e.g. 'standing', 'under', 'series of') -- no flattening found, kept as-is."
radical_form_keywords.json,羽,はね / hane,"feather, wing (paired-stroke shape)",feather pair,feather pair,keep,"ka_data row 161: rad_meaning=feather/wing. 'pair' accurately describes the two-stroke paired shape. reasonable combination of real meaning + shape note AUDIT 2026-09-03: checked literal_meaning / sourced Japanese name for dropped descriptive nuance (e.g. 'standing', 'under', 'series of') -- no flattening found, kept as-is."
radical_form_keywords.json,⺀,unclear,Unicode says 'repeat' - not clearly a visual 'two dots' concept,two dots,two dots,keep,"Unicode name: CJK RADICAL REPEAT (U+2E80), not clearly matched to any real bushu name in ka_data (related 々 iteration mark listed as n/a/n/a/n/a). 'two dots' is a purely visual, non-invented description - kept since no better real name was found, but flagged as low-confidence AUDIT 2026-09-03: checked literal_meaning / sourced Japanese name for dropped descriptive nuance (e.g. 'standing', 'under', 'series of') -- no flattening found, kept as-is."
AI_radicals.json,几,きにょう / kinyou,table,side table,table,change,"kanji-radicals.csv row 20: Meaning=table. Audit 2026-09-03: literal_meaning is a plain single concept (table) with no extra descriptive nuance to lose; no flattening found, kept as-is."
AI_radicals.json,夂,のまた / nomata,to follow,descending foot,to follow,change,"kanji-radicals.csv row 40: Meaning=to follow. User 2026-09-03: keep verb form 'to follow' rather than trimming to 'follow'. Audit 2026-09-03: literal_meaning is a single plain concept; no flattening found, kept as-is."
AI_radicals.json,舛,まいあし / maiashi,"contrary, to err",oppose feet,contrary / to err,change,"kanji-radicals.csv row 202: Meaning=contrary, to err. Audit 2026-09-03: literal_meaning attests TWO distinct senses ('contrary' and 'to err/mistake'), but proposed_keyword had flattened to only 'contrary', dropping the 'to err' sense. Restored as 'contrary / to err'."
AI_radicals.json,鹵,しお / shio,salt,salt flats,salt,change,"kanji-radicals.csv row: Meaning=salt. Audit 2026-09-03: literal_meaning is a plain single concept; no flattening found, kept as-is."
AI_radicals.json,屮,くさのめ / kusanome,sprout,sprout shoot,sprout,change,"kanji-radicals.csv: Meaning=sprout. Audit 2026-09-03: literal_meaning is a plain single concept; no flattening found, kept as-is."
AI_radicals.json,冫,にすい / nisui,two water(-drops); category: ice,ice drops,two water drops (ice),change,"User decision 2026-09-03: combine literal name (two water drops) with category meaning (ice), literal first. Applied. Audit 2026-09-03: already combines both the literal etymology and the category meaning; no further flattening found, kept as-is."
AI_radicals.json,戈,ほこ / hoko,"spear, weapon",dagger-axe,dagger-axe,keep,"kanji-radicals.csv Meaning=spear, weapon. 'dagger-axe' is the standard sinological term for this weapon type, matches source. Audit 2026-09-03: no flattening found, kept as-is."
AI_radicals.json,豕,いのこ / inoko,pig,hog,hog,keep,"kanji-radicals.csv Meaning=pig. hog=pig synonym. Audit 2026-09-03: literal_meaning is a plain single concept; no flattening found, kept as-is."
AI_radicals.json,鬲,れき / reki,"tripod, cauldron",tripod pot,tripod pot,keep,"kanji-radicals.csv Meaning=tripod, cauldron. matches. Audit 2026-09-03: already combines both descriptive elements (tripod + pot/cauldron); no flattening found, kept as-is."
AI_radicals.json,龠,やく / yaku,flute,panpipe,panpipe,keep,"kanji-radicals.csv Meaning=flute. panpipe=flute-family synonym. Audit 2026-09-03: literal_meaning is a plain single concept; no flattening found, kept as-is."
AI_radicals.json,耂,おいかんむり / oikanmuri,"old, old-age (crown/top position)",old crown,old crown,keep,"kanji-radicals.csv Meaning=old, old-age; Position-J=kanmuri (crown). exact match already. Audit 2026-09-03: already combines meaning + position; no flattening found, kept as-is."
AI_radicals.json,⻌,しんにょう / shinnyou,"road, walk, to advance",road (1-dot),road (1-dot),keep,"kanji-radicals.csv Meaning matches. dot-count distinguishes from 辶 variant, same logic as sanzui's stroke-count naming; Unicode name: CJK RADICAL SIMPLIFIED WALK. Audit 2026-09-03: no flattening found, kept as-is."
AI_radicals.json,辶,しんにょう / shinnyou,"road, walk, to advance",road (2-dot),road (2-dot),keep,"kanji-radicals.csv Meaning matches. dot-count distinguishes from ⻌ variant. Audit 2026-09-03: no flattening found, kept as-is."
AI_radicals.json,乍,n/a,suddenly; at first,meanwhile,suddenly / at first,change,"Wiktionary https://en.wiktionary.org/wiki/乍 - pictogram of axe chopping wood; primary Etym.1 meaning 'suddenly, abruptly; at first'. Phonetic in 作/搾/昨/酢 (さく), unrelated to 'meanwhile'. Audit 2026-09-03: literal_meaning attests two senses ('suddenly' and 'at first'); proposed_keyword kept only 'suddenly'. Restored the second sense as 'suddenly / at first'."
AI_radicals.json,夬,n/a,resolute; to break/decide,decisive notch,to break off / resolute,change,"Wiktionary https://en.wiktionary.org/wiki/夬 - pictogram of a hand wearing an archer's thumb-ring; dictionary meaning 'resolute' (also I Ching hexagram 43). 'notch' is an invented gloss on the pictograph rather than the attested meaning. Audit 2026-09-03: this is the exact flattening pattern flagged in the task brief -- literal_meaning attests both 'resolute' AND 'to break/decide', but proposed_keyword kept only 'resolute'. Restored the dropped sense as 'to break off / resolute'."
AI_radicals.json,昏,n/a,dusk; dark,sundown,sundown,keep,"raw-data/sylhare/ka_data.csv row for 黄 cites 黄昏（たそがれ）'dusk, twilight'; standard meaning of 昏 is dusk/dark, matching current keyword. Phonetic component only in 婚 (marriage, unrelated sense), so keeping the character's own meaning is correct here. Audit 2026-09-03: 'dark' is not a separate sense from 'dusk' here (dusk = growing dark); 'sundown' already conveys this, no flattening found, kept as-is."
AI_radicals.json,乂,n/a,"to mow, cut weeds; to govern",mow,mow / to govern,change,"Wiktionary https://en.wiktionary.org/wiki/乂 - pictogram of a sickle/cutting tool; original form of 刈 'to mow, reap'. Matches current keyword. Audit 2026-09-03: literal_meaning attests a second, distinct extended sense 'to govern' (also documented in this same CSV's component_keyword.json row for 乂, which uses 'regulate') that was dropped entirely from the AI_radicals.json proposed_keyword. Restored as 'mow / to govern'."
AI_radicals.json,氐,n/a,"root, base; to arrive",clan base,root / base / to arrive,change,"Wiktionary https://en.wiktionary.org/wiki/氐 - original form of 柢 'root of a tree; basis, fundamental' and of 抵 'to reach'. 'clan' derives from the 氏 component in the glyph's etymology, not the character's own meaning; phonetic in 低/底/抵/邸 (てい). Audit 2026-09-03: the in-progress fix to 'root / base' still dropped the third attested sense 'to arrive' (from 抵 'to reach'). Restored as 'root / base / to arrive'."
AI_radicals.json,尞,n/a,burnt sacrificial offering (firewood burned as sacrifice),torch,burnt offering,change,"Wiktionary https://en.wiktionary.org/wiki/尞 - ideogrammic compound, oracle bone shows 木 with flame dots: 'sacrifice with firewood'; original form of 燎 'ancient offering involving burning wood'. 'torch' is an approximate paraphrase; 'burnt offering' matches the sourced meaning more precisely. Phonetic in 僚/寮/療/瞭/遼/燎 (りょう). Audit 2026-09-03: 'burnt offering' already captures the core sourced concept (firewood burned as sacrifice); no further flattening found, kept as-is."
AI_radicals.json,圣,n/a,to dig (obsolete),sacred,dig,change,"Wiktionary https://en.wiktionary.org/wiki/圣 - explicitly a SEPARATE ancient character from 聖: pictograph of 'a hand over a lump of earth or clay', meaning 'to dig' (obsolete). Current keyword 'sacred' borrows the meaning of 聖 (holy), the character 圣 merely happens to be used as 聖's Ming-dynasty/simplified variant AND, unrelated to that, as the phonetic in 径/経/茎/軽 (けい) - classic phono-semantic mixup matching the 攸/悠 example. Audit 2026-09-03: literal_meaning is a single plain concept ('to dig'); no flattening found, kept as-is."
AI_radicals.json,冓,n/a,"to meet, encounter; to interlock/join",inner rooms,to meet / interlock,change,"Wiktionary https://en.wiktionary.org/wiki/冓 - ideogrammic compound of two fish facing each other; original form of 遘 'to meet'; in Japanese 'to combine, join, dovetail together'. 'inner rooms' comes from a secondary compound 內冓 ('inner chamber') rather than 冓's own core meaning. Phonetic in 構/溝/講/購 (こう). Audit 2026-09-03: already captures both attested senses (meet + interlock/join); no flattening found, kept as-is."
AI_radicals.json,咼,n/a,"slanting, crooked (mouth)",wry mouth,wry mouth,keep,"Wiktionary https://en.wiktionary.org/wiki/咼 - phono-semantic compound of phonetic 冎 + semantic 口 (mouth); Etym.1 meaning 'slanting' (wāi). 'wry' (=crooked) plus 'mouth' (from the 口 component) accurately reflects the sourced meaning, unlike a borrowed sense from 渦/禍/過. Audit 2026-09-03: already combines both the crooked/slanting sense and the mouth component; no flattening found, kept as-is."
AI_radicals.json,夋,n/a,"to squat; to dawdle, move slowly",swagger,to squat / dawdle,change,"Wiktionary https://en.wiktionary.org/wiki/夋 - pictogram of a person squatting/sitting with bent legs, original form of 踆/蹲 'to squat'; attested meanings 'to dawdle' and 'fleet-footed'. 'swagger' (a proud strutting walk) is not supported by any source. Phonetic in 俊/峻/竣/駿 (しゅん). Audit 2026-09-03: the in-progress fix to 'dawdle' dropped the primary pictographic sense 'to squat' entirely. Restored as 'to squat / dawdle'."
AI_radicals.json,㐮,n/a,"to help, assist; to accomplish",wrap-dress,help / assist / accomplish,change,"Wiktionary https://en.wiktionary.org/wiki/㐮 - stated to be the original/variant form of 襄, whose meanings are 'to aid, help, assist; to accomplish'. 'wrap-dress' appears to be an invented gloss based on misreading the glyph shape; no source supports it. Phonetic in 壌/嬢/穣/譲/醸 (じょう). Audit 2026-09-03: the in-progress fix to 'help / assist' dropped the distinct attested sense 'to accomplish'. Restored as 'help / assist / accomplish'."
AI_radicals.json,复,n/a,"to go back, return",double back,double back,keep,"Wiktionary https://en.wiktionary.org/wiki/复 - ideogrammic compound (room at centre of corridor + foot pointing down), original meaning 'to go back'; original form of 復. 'double back' (return along the same path) accurately paraphrases this, so current keyword checks out. Phonetic in 復/腹/複/覆 (ふく). Audit 2026-09-03: no flattening found, kept as-is."
AI_radicals.json,畐,n/a,"full, filled (vessel)",packed field,full vessel,change,"Wiktionary https://en.wiktionary.org/wiki/畐 - pictogram of a full/filled vessel; meanings 'full, filled' and 'a kind of container or vessel' (both obsolete); ancient form behind 幅/偪/逼. The 田-like element is a glyph accident, not a semantic 'field'; 'packed field' misreads this. Phonetic in 副/幅/福 (ふく). Audit 2026-09-03: 'full vessel' already captures the core sourced concept; no further flattening found, kept as-is."
AI_radicals.json,禺,n/a,"a large, long-tailed monkey",long monkey,long monkey,keep,"Wiktionary https://en.wiktionary.org/wiki/禺 - Etym.1 (primary): 'a kind of large monkey with a long tail and red eyes' (obsolete). Current keyword matches this sourced primary meaning. Phonetic in 偶/遇/隅 (ぐう). Audit 2026-09-03: 'long-tailed monkey' is itself a standard, already-descriptive compound term (not a bare generic word); dropping the secondary 'large' qualifier is a minor, acceptable simplification, not the flattening-to-one-generic-word failure pattern. Kept as-is."
AI_radicals.json,辟,n/a,"law, penal code; to rule, govern",punish,law / to rule,change,"Wiktionary https://en.wiktionary.org/wiki/辟 - attested literary meanings include 'monarch; sovereign', 'to rule; to govern', and (pì reading) 'law; penal code'. 'Punish' is not among the sourced definitions; 'law / to rule' is directly attested. Phonetic in 壁/癖/璧 (へき), unrelated senses of wall/habit/jade. Audit 2026-09-03: already combines both attested senses (law + to rule); no further flattening found, kept as-is."
AI_radicals.json,曷,n/a,why; what; how; when,why so,why so,keep,"Wiktionary https://en.wiktionary.org/wiki/曷 - obsolete interrogative particle cognate with 何, meaning 'why; what; where; how; when'. Current keyword 'why so' matches this well. Audit 2026-09-03: source itself is a cluster of near-synonymous interrogatives (why/what/how/when), and 'why so' is an accepted idiomatic compression of that cluster, not a loss of a distinct descriptive sense; no flattening found, kept as-is."
AI_radicals.json,侖,n/a,"order, logical arrangement",stacked thought,order / logical arrangement,change,"Wiktionary https://en.wiktionary.org/wiki/侖 - alternative form of 倫/伦 'reason; order'; glyph = 亼 'gather' + 冊 'book(s) of bamboo slips', i.e. arranging texts in order. 'stacked thought' is an invented paraphrase of the glyph rather than the attested meaning 'order'. Phonetic in 倫/輪/綸 (りん). Audit 2026-09-03: the in-progress fix to bare 'order' dropped the descriptive qualifier 'logical arrangement' that distinguishes this from a generic sequence/rank sense. Restored as 'order / logical arrangement'."
AI_radicals.json,兑,n/a,to exchange; opening/aperture; I Ching trigram Dui,eight elder,opening / exchange,change,"Wiktionary https://en.wiktionary.org/wiki/兑 - variant of 兌, meaning 'opening, aperture' and (as I Ching trigram Dui) 'exchange, joy'. 'eight elder' is a literal glyph misreading (八 'eight' + 兄 'elder brother') with no basis in the actual meaning - a clear nonsense-decomposition error. Phonetic in 悦/閲/税/説, unrelated senses. Audit 2026-09-03: the in-progress fix to bare 'exchange' dropped the distinct, more concrete physical sense 'opening/aperture'. Restored as 'opening / exchange'."
AI_radicals.json,亢,n/a,"high, lofty; proud, haughty",tall proud,tall proud,keep,"Wiktionary https://en.wiktionary.org/wiki/亢 - Old Chinese 'lift high'; attested meanings 'high, arrogant, haughty; firm, resolute'. Matches current keyword well. Audit 2026-09-03: already combines both attested senses (high/lofty + proud/haughty); no flattening found, kept as-is."
AI_radicals.json,兪,n/a,"yes, indeed (affirmative); to hollow out a tree to make a boat",lid man,affirmative (yes) / to hollow a boat,change,"Wiktionary https://en.wiktionary.org/wiki/兪 - variant of 俞, meaning 'to hollow a tree to make a boat; yes; indeed'. 'lid man' is an invented glyph-decomposition guess with no support in any source. Phonetic in 愉/癒/諭/輸/喩 (unrelated senses of pleasure/healing/transport). Audit 2026-09-03: the in-progress fix to 'affirmative (yes)' dropped the character's original, more vivid pictographic sense 'to hollow out a tree to make a boat' entirely. Restored as 'affirmative (yes) / to hollow a boat'."
AI_radicals.json,𢦏,n/a,"to hurt, to wound",halberd wound,halberd wound,keep,"Wiktionary https://en.wiktionary.org/wiki/𢦏 (per Shuowen Jiezi) - phono-semantic compound of 戈 'weapon/dagger-axe' (semantic) + 才 (phonetic); meaning 'to hurt; to wound' (obsolete); early variant of 災 'disaster'. 'halberd wound' accurately reflects the 戈-weapon + wound sense. Phonetic in 哉/栽/裁/載. Audit 2026-09-03: already combines the weapon component and the wound meaning; no flattening found, kept as-is."
AI_radicals.json,扁,n/a,"flat, thin; an inscribed tablet/plaque",flat tablet,flat tablet,keep,"Wiktionary https://en.wiktionary.org/wiki/扁 - ideogrammic compound of 戶 'door' + 冊 'bamboo tablets'; meanings 'flat and thin' and 'to inscribe (on a door), plaque'. Matches current keyword well. Phonetic in 偏/編/遍 (へん). Audit 2026-09-03: already combines both attested senses (flat/thin + tablet/plaque); no flattening found, kept as-is."
AI_radicals.json,敝,n/a,"worn out, shabby, tattered",tattered,tattered,keep,"Wiktionary https://en.wiktionary.org/wiki/敝 - ideogrammic compound depicting beating cloth with a stick (to clean or wear it out); literary meanings 'worn-out; shabby; tattered; decayed'. Exact match with current keyword. Phonetic in 幣/弊/蔽 (へい). Audit 2026-09-03: the three listed terms (worn out, shabby, tattered) are near-synonyms describing one concept, not distinct senses; no flattening found, kept as-is."
AI_radicals.json,袁,n/a,long robe,long robe,long robe,keep,"Wiktionary https://en.wiktionary.org/wiki/袁 - dictionary meaning 'long robe' (a type of garment), also common surname. Exact match with current keyword. Audit 2026-09-03: literal_meaning is a plain single concept; no flattening found, kept as-is."
AI_radicals.json,𠂊,n/a,unclear - no independent dictionary meaning found,kneeling,(no reliable meaning found),flag,"Wiktionary https://en.wiktionary.org/wiki/𠂊 explicitly states no definition/etymology is documented for this character; it is absent from the Kangxi Dictionary and functions only as a stroke-component in 久/夕/夂/夊/麁. No source was found supporting 'kneeling' or any other specific meaning, so per the task rules this is flagged rather than guessed. Audit 2026-09-03: re-checked via fresh WebSearch/WebFetch. A Kanshudo listing surfaced a gloss of 'corner' and a claim that it is 'a variant of the wrapping enclosure (勹) component', but this is not corroborated by Wiktionary/Unicode (which explicitly documents no definition) and looks like an unreliable auto-generated entry rather than a sourced etymology. Not confident enough to use -- kept flagged with no proposal, per the task's instruction not to guess."
AI_radicals.json,喿,n/a,"to chirp, clamor, make an uproar (birds in a tree)",many mouths,clamor / chirping,change,"Wiktionary https://en.wiktionary.org/wiki/喿 - ideogrammic compound of 品 'three mouths' + 木 'tree' = birds chirping in a tree; original form of 噪, meaning 'to chirp; to cry; to clamor; to make a racket'. 'many mouths' literally describes the glyph shape but not the actual sourced meaning 'clamor/chirping'. Phonetic in 操/燥/藻 (そう). Audit 2026-09-03: 'clamor / chirping' already captures the core sourced action; the 'birds in a tree' detail is glyph-origin color rather than a separate sense, no further flattening found, kept as-is."
AI_radicals.json,爰,n/a,"to pull/lead by hand (glyph origin); grammaticalized as 'thereupon, therefore'",lead along,lead along,keep,"Wiktionary https://en.wiktionary.org/wiki/爰 - glyph origin: ideogrammic compound of two hands (爫 + 又) 'holding or pulling something'; this pictographic sense of pulling/leading directly motivates its use as phonetic-and-semantically-adjacent element in 援 'to pull, assist' and 媛. Attested classical usage is the grammaticalized particle 'thereupon/therefore'; current keyword reflects the well-documented pictographic 'hand pulling' sense used in kanji-etymology references, so kept rather than replaced with the grammatical-particle sense which would be less useful for decomposition purposes. Audit 2026-09-03: deliberate, already-justified choice; no flattening found, kept as-is."
AI_radicals.json,龹,n/a,to roll rice into a ball (variant of 𢍏),rolled rice,rolled rice,keep,"Wiktionary https://en.wiktionary.org/wiki/龹 - stated to be a variant form of 𢍏 'to roll rice into a ball'; used as the component head (卷字頭) in 券/圏/拳. Matches current keyword closely. Audit 2026-09-03: no flattening found, kept as-is."
AI_radicals.json,兹,n/a,"this; here (also 'year', 'time')",double mystic,this / here,change,"Wiktionary https://en.wiktionary.org/wiki/兹 - unorthodox/simplified variant of 茲, meaning 'this; here' (also 'year', 'time'). 'double mystic' is a literal misreading of the glyph (appears to read 䒑 atop 幺幺 as '玄玄' = 'mystic'+'mystic') with no basis in the actual meaning. Phonetic in 慈/滋/磁 (じ). Audit 2026-09-03: the source itself marks 'year'/'time' as minor secondary senses ('also...'), while 'this; here' is the primary demonstrative sense; no significant flattening found, kept as-is."
AI_radicals.json,夹,n/a,"to squeeze between, pinch, clamp",squeezed,squeezed,keep,"Wiktionary https://en.wiktionary.org/wiki/夹 - simplified form of 夾, meaning 'to squeeze between; to pinch; to clamp; to hold between'. Matches current keyword well. Phonetic in 峡/挟/狭 (きょう). Audit 2026-09-03: the listed verbs are near-synonyms of one physical action, not distinct senses; the verb-to-adjective compression ('squeezed') loses no descriptive content, kept as-is."
AI_radicals.json,戠,n/a,potter's clay (alt. form of 埴); also 'sword' or 'to gather' (obsolete),potter mark,potter's clay,change,"Wiktionary https://en.wiktionary.org/wiki/戠 - three attested obsolete meanings: 'sword', 'to gather', and 'potter's clay' (alternative form of 埴). 'potter mark' is close but imprecise; the sourced sense is specifically 'clay', not a 'mark'. Phonetic in 識/織/職, unrelated senses of knowledge/weaving/occupation. Audit 2026-09-03: the other two senses ('sword', 'to gather') are marked as separate, more obscure obsolete meanings rather than nuance within the same sense as 'potter's clay'; 'potter's clay' is the well-attested primary sense (alt form of 埴) and is a deliberate, defensible choice rather than a flattening. Kept as-is."
AI_radicals.json,甬,n/a,bronze bell / handle of a bell; walled pathway,blooming,bell / walled pathway,change,"Wiktionary https://en.wiktionary.org/wiki/甬 - pictogram of a bronze bell (its lower part evolved into 用); attested meanings 'handle of a bell' and 'walled pathway screened on both sides'. 'blooming' has no basis in any source. Phonetic in 痛/通, unrelated senses. Audit 2026-09-03: the in-progress fix to bare 'bell' dropped the second, entirely distinct attested sense 'walled pathway'. Restored as 'bell / walled pathway'."
AI_radicals.json,㐬,n/a,"pictogram of a newborn baby, shown upside-down",newborn,newborn (upside-down),change,"Wiktionary https://en.wiktionary.org/wiki/㐬 - 'a pictogram of a newborn baby, shown upside down', with lines representing amniotic fluid/hair. Exact match with current keyword. Phonetic in 流/琉/硫 (this pictographic sense of a baby swept in fluid is also the traditional etymology given for 流 'to flow'). Audit 2026-09-03: literal_meaning specifically emphasizes the baby is shown upside-down (relevant to explaining 流's flowing-baby imagery), which was dropped from the plain 'newborn' keyword. Restored as 'newborn (upside-down)'."
AI_radicals.json,㕣,n/a,marsh between mountains,marsh,mountain marsh,change,Wiktionary https://en.wiktionary.org/wiki/㕣 - pictogram of 'a valley (口) between two mountain walls (八)'; primary meaning 'a marsh situated between mountains'. Exact match with current keyword. Audit 2026-09-03: same flattening pattern as the confirmed 氺/灬/刂 examples in the task brief -- literal_meaning specifically says 'marsh BETWEEN MOUNTAINS' but proposed_keyword dropped the mountain element down to bare 'marsh'. Restored the descriptive element as 'mountain marsh'.
AI_radicals.json,卆,n/a,soldier; servant (variant of 卒),foot soldier,foot soldier / servant,change,"Wiktionary https://en.wiktionary.org/wiki/卆 - unorthodox variant of 卒, sharing its meaning 'soldier; private; servant'. 'foot soldier' matches this well. Phonetic in 粋/酔, unrelated senses of refined/intoxicated. Audit 2026-09-03: literal_meaning attests two distinct senses ('soldier' and 'servant'), but proposed_keyword kept only the soldier sense. Restored as 'foot soldier / servant'."
