Radical	Meaning
水	Water
氵	Water
人	Person / Man
亻	Person / Man
手	Hand
扌	Hand
木	Tree / Wood
口	Mouth / Opening
言	Speech / Say
讠	Speech / Say
糸	Thread / Silk
纟	Thread / Silk
艹	Grass / Plant
艸	Grass / Plant
日	Sun / Day
土	Ground / Earth
心	Heart / Mind
忄	Heart / Mind
⻌	Movement / Walk
辶	Movement / Walk
宀	Roof / Shelter
女	Woman / Female
肉	Meat / Flesh / Body
⺼	Meat / Flesh / Body
貝	Shell / Wealth
贝	Shell / Wealth
一	One / Horizontal line
金	Gold / Metal
釒	Gold / Metal
钅	Gold / Metal
禾	Grain / Crops
阜	Hill / Mound
阝(Left side)	Hill / Mound
竹	Bamboo
⺮	Bamboo
刀	Knife / Sword
刂	Knife / Sword
攵	Strike / Action
十	Ten / Complete
田	Rice field
山	Mountain
隹	Little bird
广	Cliff / Broad shelter
頁	Page / Head
页	Page / Head
力	Power / Strength
寸	Inch / Rule
車	Vehicle / Car
车	Vehicle / Car
火	Fire
灬	Fire
目	Eye
彳	Step / Action
大	Big / Large
又	Again / Right hand
米	Rice
玉	Jade / Jewel
王	Jade / Jewel
立	Stand
邑	Village / Town
阝(Right side)	Village / Town
冖	Cover
尸	Corpse / Hide
馬	Horse
马	Horse
石	Stone
𠂉	Man variant
罒	Net
巾	Turban / Cloth
犭	Beast / Dog
犬	Beast / Dog
示	Show / Altar
礻	Show / Altar
衣	Clothes
衤	Clothes
弓	Bow
食	Food / Eat
飠	Food / Eat
饣	Food / Eat
足	Foot
⻊	Foot
雨	Rain
⻗	Rain
走	Run
子	Child
身	Body
門	Gate / Door
门	Gate / Door
鳥	Bird
鸟	Bird
虫	Insect / Bug
魚	Fish
鱼	Fish
疒	Sickness
厂	Cliff / Slope
穴	Cave / Hole
皿	Dish / Plate
耳	Ear
戸	Door / Household
戶	Door / Household
戈	Dagger-axe
斤	Axe / Catty
欠	Lack / Yawn
殳	Strike / Weapon
止	Stop
毋	Mother / Do not
母	Mother / Do not
毛	Hair / Feather
氏	Family / Clan
气	Steam / Breath
爪	Claw
爫	Claw
父	Father
牙	Fang / Tooth
牛	Cow / Bull
牜	Cow / Bull
方	Direction / Square
月	Moon / Month
歹	Death / Bad
斗	Dipper / Measure
瓦	Tile
甘	Sweet
生	Life / Born
用	Use
疋	Bolt of cloth
皮	Skin / Hide
矛	Spear
矢	Arrow
耒	Plow
聿	Brush / Writing
臣	Retainer / Minister
自	Self
至	Arrive
丨	Vertical line
丶	Dot
丿	Slash / Bend
乙	Second
亅	Hook
二	Two
亠	Lid
入	Enter
八	Eight
冫	Ice
凵	Container
匚	Box
韭	Leek / Scallion
冂	Downward box
几	Table / Desk
卜	Divination
卩	Seal
厶	Private
𠫓	Newborn baby
屮	Sprout
川	River
工	Work / Craft
己	Self
幺	Short thread
廴	Long stride
廾	Hands joined
弋	Shoot with string
彐	Snout
彡	Bristle / Tuft
爿	Split wood (left)
片	Split wood (right)
玄	Dark / Profound
瓜	Melon
禸	Track / Footprint
竜	Dragon
谷	Valley
豆	Bean
豕	Pig
赤	Red
里	Village
麦	Barley / Wheat
臼	Mortar
舌	Tongue
舟	Boat
艮	Stopping / Mountain
色	Color
虍	Tiger stripe
襾	Cover
豊	Abundant
豸	Badger / Feline
辰	Morning / Dragon
酉	Wine vessel / Zodiac
釆	Distinguish
辛	Bitter / Spicy
黹	Embroidery
靑	Blue / Green
非	Wrong / Non-
面	Face
革	Leather
韋	Tanned leather
音	Sound
風	Wind
飛	Fly
首	Head
香	Fragrance
高	High / Tall
髟	Hair
鬥	Fight
鬯	Sacrificial wine
鬲	Cauldron
鬼	Ghost / Demon
鹿	Deer
麻	Hemp / Numb
黄	Yellow
黍	Millet
黒	Black
黽	Frog / Toad
鼎	Tripod
鼓	Drum
鼠	Rat / Mouse
鼻	Nose
齊	Neat / Aligned
齒	Tooth
龍	Dragon (Traditional)
龜	Turtle
龠	Flute
鹵	Salt
